detector_id,timestamp,intensity,speed,lon,lat
D001,2026-05-01 00:00:00,32,46.5,60.1204,57.9102
D001,2026-05-01 01:00:00,32,48.4,60.1204,57.9102
D001,2026-05-01 02:00:00,32,43.6,60.1204,57.9102
D001,2026-05-01 03:00:00,41,45.9,60.1204,57.9102
D001,2026-05-01 04:00:00,34,47.0,60.1204,57.9102
D001,2026-05-01 05:00:00,164,44.7,60.1204,57.9102
D001,2026-05-01 06:00:00,238,39.7,60.1204,57.9102
D001,2026-05-01 07:00:00,294,35.3,60.1204,57.9102
D001,2026-05-01 08:00:00,350,38.4,60.1204,57.9102
D001,2026-05-01 09:00:00,308,36.8,60.1204,57.9102
D001,2026-05-01 10:00:00,236,36.4,60.1204,57.9102
D001,2026-05-01 11:00:00,155,43.5,60.1204,57.9102
D001,2026-05-01 12:00:00,145,42.3,60.1204,57.9102
D001,2026-05-01 13:00:00,132,43.8,60.1204,57.9102
D001,2026-05-01 14:00:00,156,40.0,60.1204,57.9102
D001,2026-05-01 15:00:00,198,37.6,60.1204,57.9102
D001,2026-05-01 16:00:00,216,39.0,60.1204,57.9102
D001,2026-05-01 17:00:00,326,38.3,60.1204,57.9102
D001,2026-05-01 18:00:00,389,31.4,60.1204,57.9102
D001,2026-05-01 19:00:00,358,33.0,60.1204,57.9102
D001,2026-05-01 20:00:00,262,38.0,60.1204,57.9102
D001,2026-05-01 21:00:00,190,43.0,60.1204,57.9102
D001,2026-05-01 22:00:00,153,43.3,60.1204,57.9102
D001,2026-05-01 23:00:00,134,44.3,60.1204,57.9102
D001,2026-05-02 00:00:00,13,46.0,60.1204,57.9102
D001,2026-05-02 01:00:00,16,48.5,60.1204,57.9102
D001,2026-05-02 02:00:00,20,52.4,60.1204,57.9102
D001,2026-05-02 03:00:00,10,45.2,60.1204,57.9102
D001,2026-05-02 04:00:00,41,49.7,60.1204,57.9102
D001,2026-05-02 05:00:00,124,45.4,60.1204,57.9102
D001,2026-05-02 06:00:00,189,41.0,60.1204,57.9102
D001,2026-05-02 07:00:00,196,39.8,60.1204,57.9102
D001,2026-05-02 08:00:00,266,35.3,60.1204,57.9102
D001,2026-05-02 09:00:00,222,40.6,60.1204,57.9102
D001,2026-05-02 10:00:00,157,44.0,60.1204,57.9102
D001,2026-05-02 11:00:00,126,48.6,60.1204,57.9102
D001,2026-05-02 12:00:00,104,42.9,60.1204,57.9102
D001,2026-05-02 13:00:00,80,43.3,60.1204,57.9102
D001,2026-05-02 14:00:00,119,42.5,60.1204,57.9102
D001,2026-05-02 15:00:00,134,44.9,60.1204,57.9102
D001,2026-05-02 16:00:00,176,41.1,60.1204,57.9102
D001,2026-05-02 17:00:00,213,38.0,60.1204,57.9102
D001,2026-05-02 18:00:00,261,39.6,60.1204,57.9102
D001,2026-05-02 19:00:00,268,38.4,60.1204,57.9102
D001,2026-05-02 20:00:00,194,41.4,60.1204,57.9102
D001,2026-05-02 21:00:00,154,44.5,60.1204,57.9102
D001,2026-05-02 22:00:00,107,42.0,60.1204,57.9102
D001,2026-05-02 23:00:00,104,45.1,60.1204,57.9102
D001,2026-05-03 00:00:00,47,46.3,60.1204,57.9102
D001,2026-05-03 01:00:00,60,45.1,60.1204,57.9102
D001,2026-05-03 02:00:00,53,46.4,60.1204,57.9102
D001,2026-05-03 03:00:00,16,44.9,60.1204,57.9102
D001,2026-05-03 04:00:00,24,50.3,60.1204,57.9102
D001,2026-05-03 05:00:00,130,44.9,60.1204,57.9102
D001,2026-05-03 06:00:00,120,45.3,60.1204,57.9102
D001,2026-05-03 07:00:00,231,38.5,60.1204,57.9102
D001,2026-05-03 08:00:00,238,39.5,60.1204,57.9102
D001,2026-05-03 09:00:00,252,36.7,60.1204,57.9102
D001,2026-05-03 10:00:00,155,45.5,60.1204,57.9102
D001,2026-05-03 11:00:00,107,43.4,60.1204,57.9102
D001,2026-05-03 12:00:00,95,41.9,60.1204,57.9102
D001,2026-05-03 13:00:00,94,42.0,60.1204,57.9102
D001,2026-05-03 14:00:00,118,43.8,60.1204,57.9102
D001,2026-05-03 15:00:00,176,42.3,60.1204,57.9102
D001,2026-05-03 16:00:00,214,37.5,60.1204,57.9102
D001,2026-05-03 17:00:00,244,40.0,60.1204,57.9102
D001,2026-05-03 18:00:00,303,33.5,60.1204,57.9102
D001,2026-05-03 19:00:00,264,39.9,60.1204,57.9102
D001,2026-05-03 20:00:00,217,41.8,60.1204,57.9102
D001,2026-05-03 21:00:00,136,42.0,60.1204,57.9102
D001,2026-05-03 22:00:00,79,45.6,60.1204,57.9102
D001,2026-05-03 23:00:00,85,49.4,60.1204,57.9102
D001,2026-05-04 00:00:00,23,47.9,60.1204,57.9102
D001,2026-05-04 01:00:00,10,46.8,60.1204,57.9102
D001,2026-05-04 02:00:00,39,48.4,60.1204,57.9102
D001,2026-05-04 03:00:00,61,45.7,60.1204,57.9102
D001,2026-05-04 04:00:00,18,48.4,60.1204,57.9102
D001,2026-05-04 05:00:00,169,43.0,60.1204,57.9102
D001,2026-05-04 06:00:00,214,42.9,60.1204,57.9102
D001,2026-05-04 07:00:00,309,38.5,60.1204,57.9102
D001,2026-05-04 08:00:00,369,36.2,60.1204,57.9102
D001,2026-05-04 09:00:00,313,41.6,60.1204,57.9102
D001,2026-05-04 10:00:00,231,39.1,60.1204,57.9102
D001,2026-05-04 11:00:00,162,45.5,60.1204,57.9102
D001,2026-05-04 12:00:00,131,44.5,60.1204,57.9102
D001,2026-05-04 13:00:00,146,41.7,60.1204,57.9102
D001,2026-05-04 14:00:00,111,44.7,60.1204,57.9102
D001,2026-05-04 15:00:00,192,39.8,60.1204,57.9102
D001,2026-05-04 16:00:00,279,39.4,60.1204,57.9102
D001,2026-05-04 17:00:00,325,37.5,60.1204,57.9102
D001,2026-05-04 18:00:00,374,31.4,60.1204,57.9102
D001,2026-05-04 19:00:00,351,35.4,60.1204,57.9102
D001,2026-05-04 20:00:00,250,40.2,60.1204,57.9102
D001,2026-05-04 21:00:00,196,39.7,60.1204,57.9102
D001,2026-05-04 22:00:00,149,44.9,60.1204,57.9102
D001,2026-05-04 23:00:00,110,44.9,60.1204,57.9102
D001,2026-05-05 00:00:00,34,51.8,60.1204,57.9102
D001,2026-05-05 01:00:00,10,49.2,60.1204,57.9102
D001,2026-05-05 02:00:00,29,46.7,60.1204,57.9102
D001,2026-05-05 03:00:00,69,45.5,60.1204,57.9102
D001,2026-05-05 04:00:00,78,44.2,60.1204,57.9102
D001,2026-05-05 05:00:00,166,41.0,60.1204,57.9102
D001,2026-05-05 06:00:00,214,40.5,60.1204,57.9102
D001,2026-05-05 07:00:00,303,37.6,60.1204,57.9102
D001,2026-05-05 08:00:00,308,41.4,60.1204,57.9102
D001,2026-05-05 09:00:00,305,40.9,60.1204,57.9102
D001,2026-05-05 10:00:00,209,41.2,60.1204,57.9102
D001,2026-05-05 11:00:00,217,38.3,60.1204,57.9102
D001,2026-05-05 12:00:00,102,43.2,60.1204,57.9102
D001,2026-05-05 13:00:00,133,44.8,60.1204,57.9102
D001,2026-05-05 14:00:00,165,41.5,60.1204,57.9102
D001,2026-05-05 15:00:00,159,41.4,60.1204,57.9102
D001,2026-05-05 16:00:00,286,38.8,60.1204,57.9102
D001,2026-05-05 17:00:00,307,37.0,60.1204,57.9102
D001,2026-05-05 18:00:00,403,38.3,60.1204,57.9102
D001,2026-05-05 19:00:00,353,36.1,60.1204,57.9102
D001,2026-05-05 20:00:00,241,37.5,60.1204,57.9102
D001,2026-05-05 21:00:00,188,42.4,60.1204,57.9102
D001,2026-05-05 22:00:00,152,41.5,60.1204,57.9102
D001,2026-05-05 23:00:00,102,42.6,60.1204,57.9102
D001,2026-05-06 00:00:00,13,49.0,60.1204,57.9102
D001,2026-05-06 01:00:00,10,46.9,60.1204,57.9102
D001,2026-05-06 02:00:00,42,49.8,60.1204,57.9102
D001,2026-05-06 03:00:00,36,48.9,60.1204,57.9102
D001,2026-05-06 04:00:00,31,45.3,60.1204,57.9102
D001,2026-05-06 05:00:00,148,46.1,60.1204,57.9102
D001,2026-05-06 06:00:00,245,40.3,60.1204,57.9102
D001,2026-05-06 07:00:00,368,34.8,60.1204,57.9102
D001,2026-05-06 08:00:00,357,35.9,60.1204,57.9102
D001,2026-05-06 09:00:00,304,42.2,60.1204,57.9102
D001,2026-05-06 10:00:00,254,35.8,60.1204,57.9102
D001,2026-05-06 11:00:00,153,43.5,60.1204,57.9102
D001,2026-05-06 12:00:00,143,39.9,60.1204,57.9102
D001,2026-05-06 13:00:00,84,40.8,60.1204,57.9102
D001,2026-05-06 14:00:00,141,42.7,60.1204,57.9102
D001,2026-05-06 15:00:00,194,39.4,60.1204,57.9102
D001,2026-05-06 16:00:00,241,34.9,60.1204,57.9102
D001,2026-05-06 17:00:00,348,36.4,60.1204,57.9102
D001,2026-05-06 18:00:00,395,35.6,60.1204,57.9102
D001,2026-05-06 19:00:00,339,38.9,60.1204,57.9102
D001,2026-05-06 20:00:00,261,37.2,60.1204,57.9102
D001,2026-05-06 21:00:00,178,40.4,60.1204,57.9102
D001,2026-05-06 22:00:00,103,44.7,60.1204,57.9102
D001,2026-05-06 23:00:00,127,42.7,60.1204,57.9102
D001,2026-05-07 00:00:00,21,48.1,60.1204,57.9102
D001,2026-05-07 01:00:00,65,45.8,60.1204,57.9102
D001,2026-05-07 02:00:00,25,45.8,60.1204,57.9102
D001,2026-05-07 03:00:00,34,44.0,60.1204,57.9102
D001,2026-05-07 04:00:00,36,46.8,60.1204,57.9102
D001,2026-05-07 05:00:00,193,43.2,60.1204,57.9102
D001,2026-05-07 06:00:00,245,37.7,60.1204,57.9102
D001,2026-05-07 07:00:00,320,34.1,60.1204,57.9102
D001,2026-05-07 08:00:00,352,36.3,60.1204,57.9102
D001,2026-05-07 09:00:00,294,41.9,60.1204,57.9102
D001,2026-05-07 10:00:00,237,35.3,60.1204,57.9102
D001,2026-05-07 11:00:00,170,41.0,60.1204,57.9102
D001,2026-05-07 12:00:00,129,44.4,60.1204,57.9102
D001,2026-05-07 13:00:00,132,38.8,60.1204,57.9102
D001,2026-05-07 14:00:00,121,45.4,60.1204,57.9102
D001,2026-05-07 15:00:00,211,44.7,60.1204,57.9102
D001,2026-05-07 16:00:00,296,32.9,60.1204,57.9102
D001,2026-05-07 17:00:00,356,31.1,60.1204,57.9102
D001,2026-05-07 18:00:00,407,34.0,60.1204,57.9102
D001,2026-05-07 19:00:00,322,40.9,60.1204,57.9102
D001,2026-05-07 20:00:00,275,34.0,60.1204,57.9102
D001,2026-05-07 21:00:00,193,39.5,60.1204,57.9102
D001,2026-05-07 22:00:00,144,41.8,60.1204,57.9102
D001,2026-05-07 23:00:00,147,39.6,60.1204,57.9102
D001,2026-05-08 00:00:00,40,50.6,60.1204,57.9102
D001,2026-05-08 01:00:00,19,47.8,60.1204,57.9102
D001,2026-05-08 02:00:00,38,45.1,60.1204,57.9102
D001,2026-05-08 03:00:00,47,46.5,60.1204,57.9102
D001,2026-05-08 04:00:00,21,51.1,60.1204,57.9102
D001,2026-05-08 05:00:00,174,41.4,60.1204,57.9102
D001,2026-05-08 06:00:00,215,38.6,60.1204,57.9102
D001,2026-05-08 07:00:00,330,35.9,60.1204,57.9102
D001,2026-05-08 08:00:00,354,35.0,60.1204,57.9102
D001,2026-05-08 09:00:00,319,36.4,60.1204,57.9102
D001,2026-05-08 10:00:00,240,39.0,60.1204,57.9102
D001,2026-05-08 11:00:00,175,43.2,60.1204,57.9102
D001,2026-05-08 12:00:00,127,41.6,60.1204,57.9102
D001,2026-05-08 13:00:00,108,42.5,60.1204,57.9102
D001,2026-05-08 14:00:00,124,45.5,60.1204,57.9102
D001,2026-05-08 15:00:00,187,44.8,60.1204,57.9102
D001,2026-05-08 16:00:00,304,37.2,60.1204,57.9102
D001,2026-05-08 17:00:00,315,35.9,60.1204,57.9102
D001,2026-05-08 18:00:00,376,31.3,60.1204,57.9102
D001,2026-05-08 19:00:00,338,36.6,60.1204,57.9102
D001,2026-05-08 20:00:00,255,37.2,60.1204,57.9102
D001,2026-05-08 21:00:00,174,45.7,60.1204,57.9102
D001,2026-05-08 22:00:00,139,41.2,60.1204,57.9102
D001,2026-05-08 23:00:00,116,46.0,60.1204,57.9102
D001,2026-05-09 00:00:00,12,48.6,60.1204,57.9102
D001,2026-05-09 01:00:00,38,48.3,60.1204,57.9102
D001,2026-05-09 02:00:00,50,45.0,60.1204,57.9102
D001,2026-05-09 03:00:00,45,44.6,60.1204,57.9102
D001,2026-05-09 04:00:00,20,49.9,60.1204,57.9102
D001,2026-05-09 05:00:00,130,43.4,60.1204,57.9102
D001,2026-05-09 06:00:00,142,44.2,60.1204,57.9102
D001,2026-05-09 07:00:00,210,38.5,60.1204,57.9102
D001,2026-05-09 08:00:00,237,40.1,60.1204,57.9102
D001,2026-05-09 09:00:00,183,42.3,60.1204,57.9102
D001,2026-05-09 10:00:00,166,40.8,60.1204,57.9102
D001,2026-05-09 11:00:00,134,44.6,60.1204,57.9102
D001,2026-05-09 12:00:00,82,43.6,60.1204,57.9102
D001,2026-05-09 13:00:00,102,41.0,60.1204,57.9102
D001,2026-05-09 14:00:00,96,43.2,60.1204,57.9102
D001,2026-05-09 15:00:00,136,43.6,60.1204,57.9102
D001,2026-05-09 16:00:00,190,43.7,60.1204,57.9102
D001,2026-05-09 17:00:00,251,38.3,60.1204,57.9102
D001,2026-05-09 18:00:00,250,40.7,60.1204,57.9102
D001,2026-05-09 19:00:00,256,42.0,60.1204,57.9102
D001,2026-05-09 20:00:00,176,41.8,60.1204,57.9102
D001,2026-05-09 21:00:00,134,43.0,60.1204,57.9102
D001,2026-05-09 22:00:00,102,40.6,60.1204,57.9102
D001,2026-05-09 23:00:00,103,45.8,60.1204,57.9102
D001,2026-05-10 00:00:00,45,51.3,60.1204,57.9102
D001,2026-05-10 01:00:00,19,47.2,60.1204,57.9102
D001,2026-05-10 02:00:00,25,51.4,60.1204,57.9102
D001,2026-05-10 03:00:00,10,48.7,60.1204,57.9102
D001,2026-05-10 04:00:00,10,42.0,60.1204,57.9102
D001,2026-05-10 05:00:00,79,42.1,60.1204,57.9102
D001,2026-05-10 06:00:00,182,39.6,60.1204,57.9102
D001,2026-05-10 07:00:00,217,37.7,60.1204,57.9102
D001,2026-05-10 08:00:00,260,36.3,60.1204,57.9102
D001,2026-05-10 09:00:00,245,37.1,60.1204,57.9102
D001,2026-05-10 10:00:00,149,42.9,60.1204,57.9102
D001,2026-05-10 11:00:00,116,47.0,60.1204,57.9102
D001,2026-05-10 12:00:00,95,41.9,60.1204,57.9102
D001,2026-05-10 13:00:00,80,43.9,60.1204,57.9102
D001,2026-05-10 14:00:00,115,44.7,60.1204,57.9102
D001,2026-05-10 15:00:00,133,45.2,60.1204,57.9102
D001,2026-05-10 16:00:00,180,41.3,60.1204,57.9102
D001,2026-05-10 17:00:00,250,42.4,60.1204,57.9102
D001,2026-05-10 18:00:00,270,37.6,60.1204,57.9102
D001,2026-05-10 19:00:00,228,41.4,60.1204,57.9102
D001,2026-05-10 20:00:00,179,42.4,60.1204,57.9102
D001,2026-05-10 21:00:00,101,46.7,60.1204,57.9102
D001,2026-05-10 22:00:00,78,43.5,60.1204,57.9102
D001,2026-05-10 23:00:00,107,41.2,60.1204,57.9102
D001,2026-05-11 00:00:00,33,47.0,60.1204,57.9102
D001,2026-05-11 01:00:00,16,50.4,60.1204,57.9102
D001,2026-05-11 02:00:00,61,41.5,60.1204,57.9102
D001,2026-05-11 03:00:00,10,49.4,60.1204,57.9102
D001,2026-05-11 04:00:00,14,46.6,60.1204,57.9102
D001,2026-05-11 05:00:00,162,43.7,60.1204,57.9102
D001,2026-05-11 06:00:00,223,40.2,60.1204,57.9102
D001,2026-05-11 07:00:00,294,40.3,60.1204,57.9102
D001,2026-05-11 08:00:00,337,36.7,60.1204,57.9102
D001,2026-05-11 09:00:00,298,37.6,60.1204,57.9102
D001,2026-05-11 10:00:00,224,39.6,60.1204,57.9102
D001,2026-05-11 11:00:00,142,44.7,60.1204,57.9102
D001,2026-05-11 12:00:00,155,43.0,60.1204,57.9102
D001,2026-05-11 13:00:00,138,44.9,60.1204,57.9102
D001,2026-05-11 14:00:00,159,43.0,60.1204,57.9102
D001,2026-05-11 15:00:00,191,43.1,60.1204,57.9102
D001,2026-05-11 16:00:00,264,36.4,60.1204,57.9102
D001,2026-05-11 17:00:00,343,31.6,60.1204,57.9102
D001,2026-05-11 18:00:00,377,35.4,60.1204,57.9102
D001,2026-05-11 19:00:00,365,35.3,60.1204,57.9102
D001,2026-05-11 20:00:00,280,38.0,60.1204,57.9102
D001,2026-05-11 21:00:00,169,38.9,60.1204,57.9102
D001,2026-05-11 22:00:00,124,40.6,60.1204,57.9102
D001,2026-05-11 23:00:00,134,42.8,60.1204,57.9102
D001,2026-05-12 00:00:00,44,46.6,60.1204,57.9102
D001,2026-05-12 01:00:00,53,48.4,60.1204,57.9102
D001,2026-05-12 02:00:00,23,46.6,60.1204,57.9102
D001,2026-05-12 03:00:00,25,43.5,60.1204,57.9102
D001,2026-05-12 04:00:00,50,48.8,60.1204,57.9102
D001,2026-05-12 05:00:00,160,41.2,60.1204,57.9102
D001,2026-05-12 06:00:00,246,34.1,60.1204,57.9102
D001,2026-05-12 07:00:00,311,37.2,60.1204,57.9102
D001,2026-05-12 08:00:00,336,39.1,60.1204,57.9102
D001,2026-05-12 09:00:00,325,35.8,60.1204,57.9102
D001,2026-05-12 10:00:00,225,39.1,60.1204,57.9102
D001,2026-05-12 11:00:00,151,39.7,60.1204,57.9102
D001,2026-05-12 12:00:00,154,44.8,60.1204,57.9102
D001,2026-05-12 13:00:00,139,40.6,60.1204,57.9102
D001,2026-05-12 14:00:00,179,46.0,60.1204,57.9102
D001,2026-05-12 15:00:00,191,39.2,60.1204,57.9102
D001,2026-05-12 16:00:00,248,40.1,60.1204,57.9102
D001,2026-05-12 17:00:00,326,36.3,60.1204,57.9102
D001,2026-05-12 18:00:00,397,30.5,60.1204,57.9102
D001,2026-05-12 19:00:00,379,37.9,60.1204,57.9102
D001,2026-05-12 20:00:00,241,36.3,60.1204,57.9102
D001,2026-05-12 21:00:00,182,39.2,60.1204,57.9102
D001,2026-05-12 22:00:00,137,37.4,60.1204,57.9102
D001,2026-05-12 23:00:00,118,47.8,60.1204,57.9102
D001,2026-05-13 00:00:00,14,46.9,60.1204,57.9102
D001,2026-05-13 01:00:00,10,49.0,60.1204,57.9102
D001,2026-05-13 02:00:00,30,51.2,60.1204,57.9102
D001,2026-05-13 03:00:00,39,45.8,60.1204,57.9102
D001,2026-05-13 04:00:00,48,45.2,60.1204,57.9102
D001,2026-05-13 05:00:00,136,43.8,60.1204,57.9102
D001,2026-05-13 06:00:00,223,40.4,60.1204,57.9102
D001,2026-05-13 07:00:00,314,35.7,60.1204,57.9102
D001,2026-05-13 08:00:00,354,39.2,60.1204,57.9102
D001,2026-05-13 09:00:00,288,41.5,60.1204,57.9102
D001,2026-05-13 10:00:00,222,38.4,60.1204,57.9102
D001,2026-05-13 11:00:00,204,41.1,60.1204,57.9102
D001,2026-05-13 12:00:00,154,44.3,60.1204,57.9102
D001,2026-05-13 13:00:00,95,44.9,60.1204,57.9102
D001,2026-05-13 14:00:00,133,40.3,60.1204,57.9102
D001,2026-05-13 15:00:00,156,42.7,60.1204,57.9102
D001,2026-05-13 16:00:00,274,39.1,60.1204,57.9102
D001,2026-05-13 17:00:00,337,34.2,60.1204,57.9102
D001,2026-05-13 18:00:00,360,33.9,60.1204,57.9102
D001,2026-05-13 19:00:00,324,36.0,60.1204,57.9102
D001,2026-05-13 20:00:00,263,36.6,60.1204,57.9102
D001,2026-05-13 21:00:00,183,39.8,60.1204,57.9102
D001,2026-05-13 22:00:00,142,44.0,60.1204,57.9102
D001,2026-05-13 23:00:00,126,44.5,60.1204,57.9102
D001,2026-05-14 00:00:00,10,46.8,60.1204,57.9102
D001,2026-05-14 01:00:00,39,48.0,60.1204,57.9102
D001,2026-05-14 02:00:00,10,48.0,60.1204,57.9102
D001,2026-05-14 03:00:00,57,45.6,60.1204,57.9102
D001,2026-05-14 04:00:00,36,47.7,60.1204,57.9102
D001,2026-05-14 05:00:00,164,43.6,60.1204,57.9102
D001,2026-05-14 06:00:00,228,40.2,60.1204,57.9102
D001,2026-05-14 07:00:00,294,37.1,60.1204,57.9102
D001,2026-05-14 08:00:00,369,34.4,60.1204,57.9102
D001,2026-05-14 09:00:00,305,36.0,60.1204,57.9102
D001,2026-05-14 10:00:00,241,37.5,60.1204,57.9102
D001,2026-05-14 11:00:00,177,39.6,60.1204,57.9102
D001,2026-05-14 12:00:00,110,44.5,60.1204,57.9102
D001,2026-05-14 13:00:00,127,44.1,60.1204,57.9102
D001,2026-05-14 14:00:00,161,41.3,60.1204,57.9102
D001,2026-05-14 15:00:00,196,39.0,60.1204,57.9102
D001,2026-05-14 16:00:00,286,39.2,60.1204,57.9102
D001,2026-05-14 17:00:00,352,35.8,60.1204,57.9102
D001,2026-05-14 18:00:00,363,34.3,60.1204,57.9102
D001,2026-05-14 19:00:00,352,35.4,60.1204,57.9102
D001,2026-05-14 20:00:00,265,35.5,60.1204,57.9102
D001,2026-05-14 21:00:00,191,39.7,60.1204,57.9102
D001,2026-05-14 22:00:00,122,43.3,60.1204,57.9102
D001,2026-05-14 23:00:00,89,46.4,60.1204,57.9102
D001,2026-05-15 00:00:00,49,46.1,60.1204,57.9102
D001,2026-05-15 01:00:00,16,45.3,60.1204,57.9102
D001,2026-05-15 02:00:00,32,41.5,60.1204,57.9102
D001,2026-05-15 03:00:00,38,48.1,60.1204,57.9102
D001,2026-05-15 04:00:00,32,45.8,60.1204,57.9102
D001,2026-05-15 05:00:00,163,42.9,60.1204,57.9102
D001,2026-05-15 06:00:00,246,39.3,60.1204,57.9102
D001,2026-05-15 07:00:00,295,36.4,60.1204,57.9102
D001,2026-05-15 08:00:00,349,39.0,60.1204,57.9102
D001,2026-05-15 09:00:00,302,34.9,60.1204,57.9102
D001,2026-05-15 10:00:00,211,35.9,60.1204,57.9102
D001,2026-05-15 11:00:00,166,39.1,60.1204,57.9102
D001,2026-05-15 12:00:00,107,39.8,60.1204,57.9102
D001,2026-05-15 13:00:00,105,45.5,60.1204,57.9102
D001,2026-05-15 14:00:00,118,39.9,60.1204,57.9102
D001,2026-05-15 15:00:00,191,40.4,60.1204,57.9102
D001,2026-05-15 16:00:00,271,40.0,60.1204,57.9102
D001,2026-05-15 17:00:00,342,32.9,60.1204,57.9102
D001,2026-05-15 18:00:00,375,35.7,60.1204,57.9102
D001,2026-05-15 19:00:00,332,33.0,60.1204,57.9102
D001,2026-05-15 20:00:00,283,37.0,60.1204,57.9102
D001,2026-05-15 21:00:00,180,41.6,60.1204,57.9102
D001,2026-05-15 22:00:00,160,42.9,60.1204,57.9102
D001,2026-05-15 23:00:00,116,45.4,60.1204,57.9102
D001,2026-05-16 00:00:00,63,48.8,60.1204,57.9102
D001,2026-05-16 01:00:00,37,44.2,60.1204,57.9102
D001,2026-05-16 02:00:00,92,42.1,60.1204,57.9102
D001,2026-05-16 03:00:00,18,45.8,60.1204,57.9102
D001,2026-05-16 04:00:00,56,46.9,60.1204,57.9102
D001,2026-05-16 05:00:00,89,45.4,60.1204,57.9102
D001,2026-05-16 06:00:00,173,41.1,60.1204,57.9102
D001,2026-05-16 07:00:00,199,39.3,60.1204,57.9102
D001,2026-05-16 08:00:00,241,39.4,60.1204,57.9102
D001,2026-05-16 09:00:00,212,42.0,60.1204,57.9102
D001,2026-05-16 10:00:00,146,39.0,60.1204,57.9102
D001,2026-05-16 11:00:00,102,47.3,60.1204,57.9102
D001,2026-05-16 12:00:00,83,50.2,60.1204,57.9102
D001,2026-05-16 13:00:00,99,41.9,60.1204,57.9102
D001,2026-05-16 14:00:00,87,45.4,60.1204,57.9102
D001,2026-05-16 15:00:00,114,49.2,60.1204,57.9102
D001,2026-05-16 16:00:00,172,43.4,60.1204,57.9102
D001,2026-05-16 17:00:00,273,38.0,60.1204,57.9102
D001,2026-05-16 18:00:00,254,38.3,60.1204,57.9102
D001,2026-05-16 19:00:00,253,40.9,60.1204,57.9102
D001,2026-05-16 20:00:00,190,38.1,60.1204,57.9102
D001,2026-05-16 21:00:00,136,41.7,60.1204,57.9102
D001,2026-05-16 22:00:00,63,44.2,60.1204,57.9102
D001,2026-05-16 23:00:00,62,47.1,60.1204,57.9102
D001,2026-05-17 00:00:00,59,50.0,60.1204,57.9102
D001,2026-05-17 01:00:00,14,46.5,60.1204,57.9102
D001,2026-05-17 02:00:00,37,49.0,60.1204,57.9102
D001,2026-05-17 03:00:00,17,47.1,60.1204,57.9102
D001,2026-05-17 04:00:00,67,45.4,60.1204,57.9102
D001,2026-05-17 05:00:00,106,44.5,60.1204,57.9102
D001,2026-05-17 06:00:00,173,39.6,60.1204,57.9102
D001,2026-05-17 07:00:00,217,37.7,60.1204,57.9102
D001,2026-05-17 08:00:00,244,43.4,60.1204,57.9102
D001,2026-05-17 09:00:00,235,39.4,60.1204,57.9102
D001,2026-05-17 10:00:00,146,42.1,60.1204,57.9102
D001,2026-05-17 11:00:00,134,42.0,60.1204,57.9102
D001,2026-05-17 12:00:00,119,40.7,60.1204,57.9102
D001,2026-05-17 13:00:00,85,48.8,60.1204,57.9102
D001,2026-05-17 14:00:00,66,48.3,60.1204,57.9102
D001,2026-05-17 15:00:00,102,44.2,60.1204,57.9102
D001,2026-05-17 16:00:00,186,43.2,60.1204,57.9102
D001,2026-05-17 17:00:00,190,37.0,60.1204,57.9102
D001,2026-05-17 18:00:00,261,38.8,60.1204,57.9102
D001,2026-05-17 19:00:00,230,39.3,60.1204,57.9102
D001,2026-05-17 20:00:00,168,41.1,60.1204,57.9102
D001,2026-05-17 21:00:00,120,44.3,60.1204,57.9102
D001,2026-05-17 22:00:00,112,47.2,60.1204,57.9102
D001,2026-05-17 23:00:00,76,44.6,60.1204,57.9102
D001,2026-05-18 00:00:00,35,46.1,60.1204,57.9102
D001,2026-05-18 01:00:00,33,43.4,60.1204,57.9102
D001,2026-05-18 02:00:00,41,44.5,60.1204,57.9102
D001,2026-05-18 03:00:00,18,43.9,60.1204,57.9102
D001,2026-05-18 04:00:00,59,45.6,60.1204,57.9102
D001,2026-05-18 05:00:00,181,42.1,60.1204,57.9102
D001,2026-05-18 06:00:00,196,38.6,60.1204,57.9102
D001,2026-05-18 07:00:00,321,34.9,60.1204,57.9102
D001,2026-05-18 08:00:00,326,36.0,60.1204,57.9102
D001,2026-05-18 09:00:00,304,34.9,60.1204,57.9102
D001,2026-05-18 10:00:00,221,39.1,60.1204,57.9102
D001,2026-05-18 11:00:00,114,45.0,60.1204,57.9102
D001,2026-05-18 12:00:00,115,46.8,60.1204,57.9102
D001,2026-05-18 13:00:00,104,40.8,60.1204,57.9102
D001,2026-05-18 14:00:00,163,38.7,60.1204,57.9102
D001,2026-05-18 15:00:00,176,43.0,60.1204,57.9102
D001,2026-05-18 16:00:00,257,35.2,60.1204,57.9102
D001,2026-05-18 17:00:00,346,35.2,60.1204,57.9102
D001,2026-05-18 18:00:00,401,35.0,60.1204,57.9102
D001,2026-05-18 19:00:00,397,30.2,60.1204,57.9102
D001,2026-05-18 20:00:00,263,36.3,60.1204,57.9102
D001,2026-05-18 21:00:00,208,42.4,60.1204,57.9102
D001,2026-05-18 22:00:00,155,40.8,60.1204,57.9102
D001,2026-05-18 23:00:00,109,39.6,60.1204,57.9102
D001,2026-05-19 00:00:00,65,46.8,60.1204,57.9102
D001,2026-05-19 01:00:00,29,49.0,60.1204,57.9102
D001,2026-05-19 02:00:00,48,48.4,60.1204,57.9102
D001,2026-05-19 03:00:00,10,46.1,60.1204,57.9102
D001,2026-05-19 04:00:00,41,47.3,60.1204,57.9102
D001,2026-05-19 05:00:00,177,39.5,60.1204,57.9102
D001,2026-05-19 06:00:00,229,44.7,60.1204,57.9102
D001,2026-05-19 07:00:00,320,38.5,60.1204,57.9102
D001,2026-05-19 08:00:00,346,37.3,60.1204,57.9102
D001,2026-05-19 09:00:00,340,36.1,60.1204,57.9102
D001,2026-05-19 10:00:00,249,37.2,60.1204,57.9102
D001,2026-05-19 11:00:00,171,43.9,60.1204,57.9102
D001,2026-05-19 12:00:00,116,46.3,60.1204,57.9102
D001,2026-05-19 13:00:00,113,42.2,60.1204,57.9102
D001,2026-05-19 14:00:00,142,47.2,60.1204,57.9102
D001,2026-05-19 15:00:00,193,43.2,60.1204,57.9102
D001,2026-05-19 16:00:00,250,39.2,60.1204,57.9102
D001,2026-05-19 17:00:00,321,35.3,60.1204,57.9102
D001,2026-05-19 18:00:00,393,33.9,60.1204,57.9102
D001,2026-05-19 19:00:00,369,34.4,60.1204,57.9102
D001,2026-05-19 20:00:00,260,41.5,60.1204,57.9102
D001,2026-05-19 21:00:00,176,38.4,60.1204,57.9102
D001,2026-05-19 22:00:00,165,43.0,60.1204,57.9102
D001,2026-05-19 23:00:00,83,45.1,60.1204,57.9102
D001,2026-05-20 00:00:00,27,50.9,60.1204,57.9102
D001,2026-05-20 01:00:00,21,46.0,60.1204,57.9102
D001,2026-05-20 02:00:00,18,45.0,60.1204,57.9102
D001,2026-05-20 03:00:00,22,44.1,60.1204,57.9102
D001,2026-05-20 04:00:00,19,43.8,60.1204,57.9102
D001,2026-05-20 05:00:00,133,39.8,60.1204,57.9102
D001,2026-05-20 06:00:00,217,38.7,60.1204,57.9102
D001,2026-05-20 07:00:00,286,38.8,60.1204,57.9102
D001,2026-05-20 08:00:00,345,34.7,60.1204,57.9102
D001,2026-05-20 09:00:00,299,40.8,60.1204,57.9102
D001,2026-05-20 10:00:00,231,40.8,60.1204,57.9102
D001,2026-05-20 11:00:00,114,42.5,60.1204,57.9102
D001,2026-05-20 12:00:00,90,43.8,60.1204,57.9102
D001,2026-05-20 13:00:00,132,41.8,60.1204,57.9102
D001,2026-05-20 14:00:00,151,40.4,60.1204,57.9102
D001,2026-05-20 15:00:00,198,37.5,60.1204,57.9102
D001,2026-05-20 16:00:00,259,39.7,60.1204,57.9102
D001,2026-05-20 17:00:00,352,35.1,60.1204,57.9102
D001,2026-05-20 18:00:00,412,32.4,60.1204,57.9102
D001,2026-05-20 19:00:00,334,30.0,60.1204,57.9102
D001,2026-05-20 20:00:00,295,36.7,60.1204,57.9102
D001,2026-05-20 21:00:00,166,45.0,60.1204,57.9102
D001,2026-05-20 22:00:00,164,42.4,60.1204,57.9102
D001,2026-05-20 23:00:00,97,45.5,60.1204,57.9102
D001,2026-05-21 00:00:00,23,44.6,60.1204,57.9102
D001,2026-05-21 01:00:00,53,41.4,60.1204,57.9102
D001,2026-05-21 02:00:00,44,47.4,60.1204,57.9102
D001,2026-05-21 03:00:00,72,46.1,60.1204,57.9102
D001,2026-05-21 04:00:00,10,45.8,60.1204,57.9102
D001,2026-05-21 05:00:00,161,43.0,60.1204,57.9102
D001,2026-05-21 06:00:00,244,35.0,60.1204,57.9102
D001,2026-05-21 07:00:00,302,39.3,60.1204,57.9102
D001,2026-05-21 08:00:00,374,38.7,60.1204,57.9102
D001,2026-05-21 09:00:00,301,39.7,60.1204,57.9102
D001,2026-05-21 10:00:00,257,41.5,60.1204,57.9102
D001,2026-05-21 11:00:00,173,43.6,60.1204,57.9102
D001,2026-05-21 12:00:00,115,40.7,60.1204,57.9102
D001,2026-05-21 13:00:00,143,42.1,60.1204,57.9102
D001,2026-05-21 14:00:00,142,41.7,60.1204,57.9102
D001,2026-05-21 15:00:00,181,42.0,60.1204,57.9102
D001,2026-05-21 16:00:00,245,39.4,60.1204,57.9102
D001,2026-05-21 17:00:00,347,35.4,60.1204,57.9102
D001,2026-05-21 18:00:00,364,36.7,60.1204,57.9102
D001,2026-05-21 19:00:00,376,33.2,60.1204,57.9102
D001,2026-05-21 20:00:00,285,39.8,60.1204,57.9102
D001,2026-05-21 21:00:00,140,41.3,60.1204,57.9102
D001,2026-05-21 22:00:00,130,45.1,60.1204,57.9102
D001,2026-05-21 23:00:00,126,44.5,60.1204,57.9102
D001,2026-05-22 00:00:00,46,44.4,60.1204,57.9102
D001,2026-05-22 01:00:00,21,44.6,60.1204,57.9102
D001,2026-05-22 02:00:00,31,46.6,60.1204,57.9102
D001,2026-05-22 03:00:00,38,45.0,60.1204,57.9102
D001,2026-05-22 04:00:00,54,48.1,60.1204,57.9102
D001,2026-05-22 05:00:00,188,42.9,60.1204,57.9102
D001,2026-05-22 06:00:00,230,41.3,60.1204,57.9102
D001,2026-05-22 07:00:00,319,35.2,60.1204,57.9102
D001,2026-05-22 08:00:00,369,38.6,60.1204,57.9102
D001,2026-05-22 09:00:00,343,35.8,60.1204,57.9102
D001,2026-05-22 10:00:00,232,40.6,60.1204,57.9102
D001,2026-05-22 11:00:00,160,43.6,60.1204,57.9102
D001,2026-05-22 12:00:00,127,43.0,60.1204,57.9102
D001,2026-05-22 13:00:00,156,42.8,60.1204,57.9102
D001,2026-05-22 14:00:00,143,44.8,60.1204,57.9102
D001,2026-05-22 15:00:00,190,41.9,60.1204,57.9102
D001,2026-05-22 16:00:00,262,36.0,60.1204,57.9102
D001,2026-05-22 17:00:00,342,33.3,60.1204,57.9102
D001,2026-05-22 18:00:00,381,31.8,60.1204,57.9102
D001,2026-05-22 19:00:00,359,36.8,60.1204,57.9102
D001,2026-05-22 20:00:00,268,38.2,60.1204,57.9102
D001,2026-05-22 21:00:00,195,36.7,60.1204,57.9102
D001,2026-05-22 22:00:00,122,43.3,60.1204,57.9102
D001,2026-05-22 23:00:00,129,43.2,60.1204,57.9102
D001,2026-05-23 00:00:00,10,47.9,60.1204,57.9102
D001,2026-05-23 01:00:00,16,45.1,60.1204,57.9102
D001,2026-05-23 02:00:00,30,46.5,60.1204,57.9102
D001,2026-05-23 03:00:00,47,47.8,60.1204,57.9102
D001,2026-05-23 04:00:00,40,47.3,60.1204,57.9102
D001,2026-05-23 05:00:00,100,42.4,60.1204,57.9102
D001,2026-05-23 06:00:00,137,49.4,60.1204,57.9102
D001,2026-05-23 07:00:00,202,40.3,60.1204,57.9102
D001,2026-05-23 08:00:00,242,38.7,60.1204,57.9102
D001,2026-05-23 09:00:00,211,36.4,60.1204,57.9102
D001,2026-05-23 10:00:00,145,39.8,60.1204,57.9102
D001,2026-05-23 11:00:00,113,42.5,60.1204,57.9102
D001,2026-05-23 12:00:00,80,45.6,60.1204,57.9102
D001,2026-05-23 13:00:00,79,47.2,60.1204,57.9102
D001,2026-05-23 14:00:00,95,45.1,60.1204,57.9102
D001,2026-05-23 15:00:00,111,45.5,60.1204,57.9102
D001,2026-05-23 16:00:00,182,42.4,60.1204,57.9102
D001,2026-05-23 17:00:00,252,38.6,60.1204,57.9102
D001,2026-05-23 18:00:00,276,37.3,60.1204,57.9102
D001,2026-05-23 19:00:00,271,40.4,60.1204,57.9102
D001,2026-05-23 20:00:00,198,38.3,60.1204,57.9102
D001,2026-05-23 21:00:00,115,42.4,60.1204,57.9102
D001,2026-05-23 22:00:00,97,45.5,60.1204,57.9102
D001,2026-05-23 23:00:00,72,48.0,60.1204,57.9102
D001,2026-05-24 00:00:00,25,42.7,60.1204,57.9102
D001,2026-05-24 01:00:00,16,41.7,60.1204,57.9102
D001,2026-05-24 02:00:00,11,46.4,60.1204,57.9102
D001,2026-05-24 03:00:00,14,46.8,60.1204,57.9102
D001,2026-05-24 04:00:00,20,46.0,60.1204,57.9102
D001,2026-05-24 05:00:00,142,45.6,60.1204,57.9102
D001,2026-05-24 06:00:00,142,45.7,60.1204,57.9102
D001,2026-05-24 07:00:00,192,39.4,60.1204,57.9102
D001,2026-05-24 08:00:00,276,33.2,60.1204,57.9102
D001,2026-05-24 09:00:00,232,37.0,60.1204,57.9102
D001,2026-05-24 10:00:00,160,41.9,60.1204,57.9102
D001,2026-05-24 11:00:00,146,41.0,60.1204,57.9102
D001,2026-05-24 12:00:00,92,46.1,60.1204,57.9102
D001,2026-05-24 13:00:00,85,43.2,60.1204,57.9102
D001,2026-05-24 14:00:00,101,44.6,60.1204,57.9102
D001,2026-05-24 15:00:00,151,40.5,60.1204,57.9102
D001,2026-05-24 16:00:00,181,42.2,60.1204,57.9102
D001,2026-05-24 17:00:00,243,38.9,60.1204,57.9102
D001,2026-05-24 18:00:00,271,36.8,60.1204,57.9102
D001,2026-05-24 19:00:00,232,40.7,60.1204,57.9102
D001,2026-05-24 20:00:00,170,44.5,60.1204,57.9102
D001,2026-05-24 21:00:00,139,40.2,60.1204,57.9102
D001,2026-05-24 22:00:00,107,44.5,60.1204,57.9102
D001,2026-05-24 23:00:00,102,46.9,60.1204,57.9102
D001,2026-05-25 00:00:00,28,45.4,60.1204,57.9102
D001,2026-05-25 01:00:00,23,45.0,60.1204,57.9102
D001,2026-05-25 02:00:00,21,47.9,60.1204,57.9102
D001,2026-05-25 03:00:00,35,45.7,60.1204,57.9102
D001,2026-05-25 04:00:00,25,47.9,60.1204,57.9102
D001,2026-05-25 05:00:00,151,40.3,60.1204,57.9102
D001,2026-05-25 06:00:00,224,39.4,60.1204,57.9102
D001,2026-05-25 07:00:00,288,39.5,60.1204,57.9102
D001,2026-05-25 08:00:00,361,35.2,60.1204,57.9102
D001,2026-05-25 09:00:00,310,38.1,60.1204,57.9102
D001,2026-05-25 10:00:00,226,41.9,60.1204,57.9102
D001,2026-05-25 11:00:00,190,41.4,60.1204,57.9102
D001,2026-05-25 12:00:00,137,45.0,60.1204,57.9102
D001,2026-05-25 13:00:00,119,41.3,60.1204,57.9102
D001,2026-05-25 14:00:00,158,38.9,60.1204,57.9102
D001,2026-05-25 15:00:00,220,42.1,60.1204,57.9102
D001,2026-05-25 16:00:00,267,38.6,60.1204,57.9102
D001,2026-05-25 17:00:00,374,32.6,60.1204,57.9102
D001,2026-05-25 18:00:00,357,33.9,60.1204,57.9102
D001,2026-05-25 19:00:00,338,33.7,60.1204,57.9102
D001,2026-05-25 20:00:00,266,38.8,60.1204,57.9102
D001,2026-05-25 21:00:00,173,45.3,60.1204,57.9102
D001,2026-05-25 22:00:00,117,41.0,60.1204,57.9102
D001,2026-05-25 23:00:00,129,42.9,60.1204,57.9102
D001,2026-05-26 00:00:00,42,45.1,60.1204,57.9102
D001,2026-05-26 01:00:00,16,46.0,60.1204,57.9102
D001,2026-05-26 02:00:00,22,48.4,60.1204,57.9102
D001,2026-05-26 03:00:00,26,48.7,60.1204,57.9102
D001,2026-05-26 04:00:00,49,48.5,60.1204,57.9102
D001,2026-05-26 05:00:00,176,43.4,60.1204,57.9102
D001,2026-05-26 06:00:00,240,38.3,60.1204,57.9102
D001,2026-05-26 07:00:00,303,33.2,60.1204,57.9102
D001,2026-05-26 08:00:00,351,34.0,60.1204,57.9102
D001,2026-05-26 09:00:00,315,37.9,60.1204,57.9102
D001,2026-05-26 10:00:00,202,38.6,60.1204,57.9102
D001,2026-05-26 11:00:00,154,41.4,60.1204,57.9102
D001,2026-05-26 12:00:00,132,40.7,60.1204,57.9102
D001,2026-05-26 13:00:00,126,39.8,60.1204,57.9102
D001,2026-05-26 14:00:00,103,45.9,60.1204,57.9102
D001,2026-05-26 15:00:00,164,40.9,60.1204,57.9102
D001,2026-05-26 16:00:00,238,36.4,60.1204,57.9102
D001,2026-05-26 17:00:00,335,35.1,60.1204,57.9102
D001,2026-05-26 18:00:00,395,34.9,60.1204,57.9102
D001,2026-05-26 19:00:00,338,37.6,60.1204,57.9102
D001,2026-05-26 20:00:00,283,38.8,60.1204,57.9102
D001,2026-05-26 21:00:00,180,43.8,60.1204,57.9102
D001,2026-05-26 22:00:00,174,43.2,60.1204,57.9102
D001,2026-05-26 23:00:00,154,44.5,60.1204,57.9102
D001,2026-05-27 00:00:00,49,43.9,60.1204,57.9102
D001,2026-05-27 01:00:00,14,47.4,60.1204,57.9102
D001,2026-05-27 02:00:00,10,46.3,60.1204,57.9102
D001,2026-05-27 03:00:00,50,44.8,60.1204,57.9102
D001,2026-05-27 04:00:00,48,43.3,60.1204,57.9102
D001,2026-05-27 05:00:00,151,44.9,60.1204,57.9102
D001,2026-05-27 06:00:00,230,40.4,60.1204,57.9102
D001,2026-05-27 07:00:00,338,38.8,60.1204,57.9102
D001,2026-05-27 08:00:00,330,39.1,60.1204,57.9102
D001,2026-05-27 09:00:00,297,37.4,60.1204,57.9102
D001,2026-05-27 10:00:00,227,42.3,60.1204,57.9102
D001,2026-05-27 11:00:00,140,44.0,60.1204,57.9102
D001,2026-05-27 12:00:00,139,44.8,60.1204,57.9102
D001,2026-05-27 13:00:00,121,45.9,60.1204,57.9102
D001,2026-05-27 14:00:00,129,45.9,60.1204,57.9102
D001,2026-05-27 15:00:00,194,38.0,60.1204,57.9102
D001,2026-05-27 16:00:00,271,38.7,60.1204,57.9102
D001,2026-05-27 17:00:00,336,34.4,60.1204,57.9102
D001,2026-05-27 18:00:00,373,31.5,60.1204,57.9102
D001,2026-05-27 19:00:00,373,32.2,60.1204,57.9102
D001,2026-05-27 20:00:00,251,41.6,60.1204,57.9102
D001,2026-05-27 21:00:00,198,42.5,60.1204,57.9102
D001,2026-05-27 22:00:00,169,41.3,60.1204,57.9102
D001,2026-05-27 23:00:00,104,46.1,60.1204,57.9102
D001,2026-05-28 00:00:00,48,45.6,60.1204,57.9102
D001,2026-05-28 01:00:00,11,50.3,60.1204,57.9102
D001,2026-05-28 02:00:00,45,43.4,60.1204,57.9102
D001,2026-05-28 03:00:00,49,43.1,60.1204,57.9102
D001,2026-05-28 04:00:00,29,44.5,60.1204,57.9102
D001,2026-05-28 05:00:00,148,40.9,60.1204,57.9102
D001,2026-05-28 06:00:00,216,41.9,60.1204,57.9102
D001,2026-05-28 07:00:00,313,38.2,60.1204,57.9102
D001,2026-05-28 08:00:00,366,34.1,60.1204,57.9102
D001,2026-05-28 09:00:00,309,38.1,60.1204,57.9102
D001,2026-05-28 10:00:00,257,40.8,60.1204,57.9102
D001,2026-05-28 11:00:00,185,43.6,60.1204,57.9102
D001,2026-05-28 12:00:00,148,38.8,60.1204,57.9102
D001,2026-05-28 13:00:00,141,43.4,60.1204,57.9102
D001,2026-05-28 14:00:00,143,41.7,60.1204,57.9102
D001,2026-05-28 15:00:00,180,42.5,60.1204,57.9102
D001,2026-05-28 16:00:00,278,34.8,60.1204,57.9102
D001,2026-05-28 17:00:00,346,34.4,60.1204,57.9102
D001,2026-05-28 18:00:00,360,36.0,60.1204,57.9102
D001,2026-05-28 19:00:00,337,34.5,60.1204,57.9102
D001,2026-05-28 20:00:00,249,39.7,60.1204,57.9102
D001,2026-05-28 21:00:00,187,38.9,60.1204,57.9102
D001,2026-05-28 22:00:00,127,43.1,60.1204,57.9102
D001,2026-05-28 23:00:00,130,41.0,60.1204,57.9102
D001,2026-05-29 00:00:00,43,44.7,60.1204,57.9102
D001,2026-05-29 01:00:00,83,43.0,60.1204,57.9102
D001,2026-05-29 02:00:00,20,47.7,60.1204,57.9102
D001,2026-05-29 03:00:00,19,49.1,60.1204,57.9102
D001,2026-05-29 04:00:00,70,44.6,60.1204,57.9102
D001,2026-05-29 05:00:00,163,41.0,60.1204,57.9102
D001,2026-05-29 06:00:00,227,43.0,60.1204,57.9102
D001,2026-05-29 07:00:00,324,34.4,60.1204,57.9102
D001,2026-05-29 08:00:00,374,37.2,60.1204,57.9102
D001,2026-05-29 09:00:00,316,35.3,60.1204,57.9102
D001,2026-05-29 10:00:00,228,38.1,60.1204,57.9102
D001,2026-05-29 11:00:00,169,41.3,60.1204,57.9102
D001,2026-05-29 12:00:00,89,46.9,60.1204,57.9102
D001,2026-05-29 13:00:00,128,45.8,60.1204,57.9102
D001,2026-05-29 14:00:00,140,43.4,60.1204,57.9102
D001,2026-05-29 15:00:00,208,41.4,60.1204,57.9102
D001,2026-05-29 16:00:00,268,45.5,60.1204,57.9102
D001,2026-05-29 17:00:00,340,36.2,60.1204,57.9102
D001,2026-05-29 18:00:00,409,31.6,60.1204,57.9102
D001,2026-05-29 19:00:00,324,33.3,60.1204,57.9102
D001,2026-05-29 20:00:00,273,39.6,60.1204,57.9102
D001,2026-05-29 21:00:00,201,37.8,60.1204,57.9102
D001,2026-05-29 22:00:00,160,44.9,60.1204,57.9102
D001,2026-05-29 23:00:00,121,43.8,60.1204,57.9102
D001,2026-05-30 00:00:00,37,47.5,60.1204,57.9102
D001,2026-05-30 01:00:00,36,44.3,60.1204,57.9102
D001,2026-05-30 02:00:00,21,44.6,60.1204,57.9102
D001,2026-05-30 03:00:00,36,47.9,60.1204,57.9102
D001,2026-05-30 04:00:00,25,47.8,60.1204,57.9102
D001,2026-05-30 05:00:00,87,46.8,60.1204,57.9102
D001,2026-05-30 06:00:00,155,42.7,60.1204,57.9102
D001,2026-05-30 07:00:00,241,37.7,60.1204,57.9102
D001,2026-05-30 08:00:00,271,38.6,60.1204,57.9102
D001,2026-05-30 09:00:00,222,41.3,60.1204,57.9102
D001,2026-05-30 10:00:00,141,44.3,60.1204,57.9102
D001,2026-05-30 11:00:00,116,46.1,60.1204,57.9102
D001,2026-05-30 12:00:00,89,44.0,60.1204,57.9102
D001,2026-05-30 13:00:00,96,44.4,60.1204,57.9102
D001,2026-05-30 14:00:00,81,44.7,60.1204,57.9102
D001,2026-05-30 15:00:00,158,42.2,60.1204,57.9102
D001,2026-05-30 16:00:00,174,43.4,60.1204,57.9102
D001,2026-05-30 17:00:00,213,35.7,60.1204,57.9102
D001,2026-05-30 18:00:00,272,38.7,60.1204,57.9102
D001,2026-05-30 19:00:00,250,37.1,60.1204,57.9102
D001,2026-05-30 20:00:00,187,38.2,60.1204,57.9102
D001,2026-05-30 21:00:00,139,39.5,60.1204,57.9102
D001,2026-05-30 22:00:00,99,45.0,60.1204,57.9102
D001,2026-05-30 23:00:00,56,44.9,60.1204,57.9102
D002,2026-05-01 00:00:00,57,45.8,60.1358,57.9221
D002,2026-05-01 01:00:00,15,44.3,60.1358,57.9221
D002,2026-05-01 02:00:00,20,40.5,60.1358,57.9221
D002,2026-05-01 03:00:00,72,43.4,60.1358,57.9221
D002,2026-05-01 04:00:00,33,43.5,60.1358,57.9221
D002,2026-05-01 05:00:00,210,38.3,60.1358,57.9221
D002,2026-05-01 06:00:00,321,36.1,60.1358,57.9221
D002,2026-05-01 07:00:00,327,33.9,60.1358,57.9221
D002,2026-05-01 08:00:00,415,31.6,60.1358,57.9221
D002,2026-05-01 09:00:00,381,31.6,60.1358,57.9221
D002,2026-05-01 10:00:00,261,39.5,60.1358,57.9221
D002,2026-05-01 11:00:00,209,36.5,60.1358,57.9221
D002,2026-05-01 12:00:00,172,40.5,60.1358,57.9221
D002,2026-05-01 13:00:00,177,36.6,60.1358,57.9221
D002,2026-05-01 14:00:00,190,37.2,60.1358,57.9221
D002,2026-05-01 15:00:00,253,36.3,60.1358,57.9221
D002,2026-05-01 16:00:00,285,35.9,60.1358,57.9221
D002,2026-05-01 17:00:00,392,32.2,60.1358,57.9221
D002,2026-05-01 18:00:00,466,29.7,60.1358,57.9221
D002,2026-05-01 19:00:00,397,30.1,60.1358,57.9221
D002,2026-05-01 20:00:00,311,34.5,60.1358,57.9221
D002,2026-05-01 21:00:00,256,38.2,60.1358,57.9221
D002,2026-05-01 22:00:00,167,42.0,60.1358,57.9221
D002,2026-05-01 23:00:00,127,41.8,60.1358,57.9221
D002,2026-05-02 00:00:00,27,43.7,60.1358,57.9221
D002,2026-05-02 01:00:00,42,41.3,60.1358,57.9221
D002,2026-05-02 02:00:00,45,42.7,60.1358,57.9221
D002,2026-05-02 03:00:00,74,41.2,60.1358,57.9221
D002,2026-05-02 04:00:00,57,43.8,60.1358,57.9221
D002,2026-05-02 05:00:00,121,43.5,60.1358,57.9221
D002,2026-05-02 06:00:00,183,33.8,60.1358,57.9221
D002,2026-05-02 07:00:00,290,38.0,60.1358,57.9221
D002,2026-05-02 08:00:00,309,34.5,60.1358,57.9221
D002,2026-05-02 09:00:00,303,36.8,60.1358,57.9221
D002,2026-05-02 10:00:00,190,40.1,60.1358,57.9221
D002,2026-05-02 11:00:00,120,39.3,60.1358,57.9221
D002,2026-05-02 12:00:00,96,36.4,60.1358,57.9221
D002,2026-05-02 13:00:00,90,44.1,60.1358,57.9221
D002,2026-05-02 14:00:00,107,39.7,60.1358,57.9221
D002,2026-05-02 15:00:00,146,41.7,60.1358,57.9221
D002,2026-05-02 16:00:00,235,38.3,60.1358,57.9221
D002,2026-05-02 17:00:00,303,32.7,60.1358,57.9221
D002,2026-05-02 18:00:00,319,36.6,60.1358,57.9221
D002,2026-05-02 19:00:00,304,36.9,60.1358,57.9221
D002,2026-05-02 20:00:00,178,41.3,60.1358,57.9221
D002,2026-05-02 21:00:00,158,44.2,60.1358,57.9221
D002,2026-05-02 22:00:00,117,40.7,60.1358,57.9221
D002,2026-05-02 23:00:00,121,38.6,60.1358,57.9221
D002,2026-05-03 00:00:00,46,41.3,60.1358,57.9221
D002,2026-05-03 01:00:00,54,44.2,60.1358,57.9221
D002,2026-05-03 02:00:00,39,41.3,60.1358,57.9221
D002,2026-05-03 03:00:00,27,43.9,60.1358,57.9221
D002,2026-05-03 04:00:00,10,42.5,60.1358,57.9221
D002,2026-05-03 05:00:00,159,36.6,60.1358,57.9221
D002,2026-05-03 06:00:00,225,36.1,60.1358,57.9221
D002,2026-05-03 07:00:00,280,33.4,60.1358,57.9221
D002,2026-05-03 08:00:00,317,35.9,60.1358,57.9221
D002,2026-05-03 09:00:00,295,38.5,60.1358,57.9221
D002,2026-05-03 10:00:00,225,38.0,60.1358,57.9221
D002,2026-05-03 11:00:00,121,43.4,60.1358,57.9221
D002,2026-05-03 12:00:00,92,40.4,60.1358,57.9221
D002,2026-05-03 13:00:00,124,41.4,60.1358,57.9221
D002,2026-05-03 14:00:00,155,39.5,60.1358,57.9221
D002,2026-05-03 15:00:00,137,39.4,60.1358,57.9221
D002,2026-05-03 16:00:00,238,36.4,60.1358,57.9221
D002,2026-05-03 17:00:00,331,33.9,60.1358,57.9221
D002,2026-05-03 18:00:00,311,36.1,60.1358,57.9221
D002,2026-05-03 19:00:00,285,39.5,60.1358,57.9221
D002,2026-05-03 20:00:00,239,34.0,60.1358,57.9221
D002,2026-05-03 21:00:00,187,43.8,60.1358,57.9221
D002,2026-05-03 22:00:00,90,43.4,60.1358,57.9221
D002,2026-05-03 23:00:00,118,41.0,60.1358,57.9221
D002,2026-05-04 00:00:00,49,43.7,60.1358,57.9221
D002,2026-05-04 01:00:00,30,46.2,60.1358,57.9221
D002,2026-05-04 02:00:00,18,47.8,60.1358,57.9221
D002,2026-05-04 03:00:00,71,39.3,60.1358,57.9221
D002,2026-05-04 04:00:00,47,45.8,60.1358,57.9221
D002,2026-05-04 05:00:00,189,38.2,60.1358,57.9221
D002,2026-05-04 06:00:00,273,38.7,60.1358,57.9221
D002,2026-05-04 07:00:00,370,33.3,60.1358,57.9221
D002,2026-05-04 08:00:00,438,30.9,60.1358,57.9221
D002,2026-05-04 09:00:00,365,30.5,60.1358,57.9221
D002,2026-05-04 10:00:00,253,34.1,60.1358,57.9221
D002,2026-05-04 11:00:00,168,37.6,60.1358,57.9221
D002,2026-05-04 12:00:00,165,39.4,60.1358,57.9221
D002,2026-05-04 13:00:00,140,37.7,60.1358,57.9221
D002,2026-05-04 14:00:00,158,36.4,60.1358,57.9221
D002,2026-05-04 15:00:00,210,39.5,60.1358,57.9221
D002,2026-05-04 16:00:00,301,35.4,60.1358,57.9221
D002,2026-05-04 17:00:00,413,37.4,60.1358,57.9221
D002,2026-05-04 18:00:00,435,31.9,60.1358,57.9221
D002,2026-05-04 19:00:00,418,30.2,60.1358,57.9221
D002,2026-05-04 20:00:00,332,34.8,60.1358,57.9221
D002,2026-05-04 21:00:00,213,38.8,60.1358,57.9221
D002,2026-05-04 22:00:00,183,41.6,60.1358,57.9221
D002,2026-05-04 23:00:00,141,43.2,60.1358,57.9221
D002,2026-05-05 00:00:00,39,38.5,60.1358,57.9221
D002,2026-05-05 01:00:00,52,42.3,60.1358,57.9221
D002,2026-05-05 02:00:00,27,45.3,60.1358,57.9221
D002,2026-05-05 03:00:00,35,45.2,60.1358,57.9221
D002,2026-05-05 04:00:00,46,44.3,60.1358,57.9221
D002,2026-05-05 05:00:00,210,39.0,60.1358,57.9221
D002,2026-05-05 06:00:00,262,38.5,60.1358,57.9221
D002,2026-05-05 07:00:00,381,37.4,60.1358,57.9221
D002,2026-05-05 08:00:00,437,33.0,60.1358,57.9221
D002,2026-05-05 09:00:00,367,32.5,60.1358,57.9221
D002,2026-05-05 10:00:00,282,33.3,60.1358,57.9221
D002,2026-05-05 11:00:00,177,38.7,60.1358,57.9221
D002,2026-05-05 12:00:00,159,39.9,60.1358,57.9221
D002,2026-05-05 13:00:00,175,38.1,60.1358,57.9221
D002,2026-05-05 14:00:00,188,38.3,60.1358,57.9221
D002,2026-05-05 15:00:00,229,38.0,60.1358,57.9221
D002,2026-05-05 16:00:00,289,35.8,60.1358,57.9221
D002,2026-05-05 17:00:00,413,30.0,60.1358,57.9221
D002,2026-05-05 18:00:00,434,30.5,60.1358,57.9221
D002,2026-05-05 19:00:00,390,34.7,60.1358,57.9221
D002,2026-05-05 20:00:00,322,31.0,60.1358,57.9221
D002,2026-05-05 21:00:00,220,39.3,60.1358,57.9221
D002,2026-05-05 22:00:00,165,38.6,60.1358,57.9221
D002,2026-05-05 23:00:00,145,39.5,60.1358,57.9221
D002,2026-05-06 00:00:00,12,43.6,60.1358,57.9221
D002,2026-05-06 01:00:00,32,49.6,60.1358,57.9221
D002,2026-05-06 02:00:00,39,41.9,60.1358,57.9221
D002,2026-05-06 03:00:00,61,41.9,60.1358,57.9221
D002,2026-05-06 04:00:00,52,40.6,60.1358,57.9221
D002,2026-05-06 05:00:00,226,36.1,60.1358,57.9221
D002,2026-05-06 06:00:00,287,38.2,60.1358,57.9221
D002,2026-05-06 07:00:00,375,33.2,60.1358,57.9221
D002,2026-05-06 08:00:00,439,32.8,60.1358,57.9221
D002,2026-05-06 09:00:00,361,34.0,60.1358,57.9221
D002,2026-05-06 10:00:00,264,34.7,60.1358,57.9221
D002,2026-05-06 11:00:00,187,41.3,60.1358,57.9221
D002,2026-05-06 12:00:00,189,44.3,60.1358,57.9221
D002,2026-05-06 13:00:00,154,37.7,60.1358,57.9221
D002,2026-05-06 14:00:00,159,42.9,60.1358,57.9221
D002,2026-05-06 15:00:00,205,37.4,60.1358,57.9221
D002,2026-05-06 16:00:00,316,38.7,60.1358,57.9221
D002,2026-05-06 17:00:00,406,34.7,60.1358,57.9221
D002,2026-05-06 18:00:00,491,29.5,60.1358,57.9221
D002,2026-05-06 19:00:00,433,28.1,60.1358,57.9221
D002,2026-05-06 20:00:00,324,34.2,60.1358,57.9221
D002,2026-05-06 21:00:00,186,39.5,60.1358,57.9221
D002,2026-05-06 22:00:00,182,35.0,60.1358,57.9221
D002,2026-05-06 23:00:00,126,38.7,60.1358,57.9221
D002,2026-05-07 00:00:00,33,42.4,60.1358,57.9221
D002,2026-05-07 01:00:00,25,41.1,60.1358,57.9221
D002,2026-05-07 02:00:00,48,41.6,60.1358,57.9221
D002,2026-05-07 03:00:00,41,42.3,60.1358,57.9221
D002,2026-05-07 04:00:00,55,42.1,60.1358,57.9221
D002,2026-05-07 05:00:00,214,38.1,60.1358,57.9221
D002,2026-05-07 06:00:00,297,38.2,60.1358,57.9221
D002,2026-05-07 07:00:00,355,35.8,60.1358,57.9221
D002,2026-05-07 08:00:00,461,28.6,60.1358,57.9221
D002,2026-05-07 09:00:00,380,32.3,60.1358,57.9221
D002,2026-05-07 10:00:00,289,36.8,60.1358,57.9221
D002,2026-05-07 11:00:00,186,41.5,60.1358,57.9221
D002,2026-05-07 12:00:00,145,39.5,60.1358,57.9221
D002,2026-05-07 13:00:00,173,43.3,60.1358,57.9221
D002,2026-05-07 14:00:00,167,40.9,60.1358,57.9221
D002,2026-05-07 15:00:00,236,33.7,60.1358,57.9221
D002,2026-05-07 16:00:00,309,32.4,60.1358,57.9221
D002,2026-05-07 17:00:00,415,31.1,60.1358,57.9221
D002,2026-05-07 18:00:00,468,33.3,60.1358,57.9221
D002,2026-05-07 19:00:00,432,37.4,60.1358,57.9221
D002,2026-05-07 20:00:00,322,36.4,60.1358,57.9221
D002,2026-05-07 21:00:00,240,40.4,60.1358,57.9221
D002,2026-05-07 22:00:00,169,41.0,60.1358,57.9221
D002,2026-05-07 23:00:00,181,37.2,60.1358,57.9221
D002,2026-05-08 00:00:00,41,43.9,60.1358,57.9221
D002,2026-05-08 01:00:00,35,41.1,60.1358,57.9221
D002,2026-05-08 02:00:00,76,41.3,60.1358,57.9221
D002,2026-05-08 03:00:00,75,40.7,60.1358,57.9221
D002,2026-05-08 04:00:00,43,44.5,60.1358,57.9221
D002,2026-05-08 05:00:00,194,36.4,60.1358,57.9221
D002,2026-05-08 06:00:00,268,36.9,60.1358,57.9221
D002,2026-05-08 07:00:00,369,33.5,60.1358,57.9221
D002,2026-05-08 08:00:00,388,31.6,60.1358,57.9221
D002,2026-05-08 09:00:00,378,32.0,60.1358,57.9221
D002,2026-05-08 10:00:00,263,34.5,60.1358,57.9221
D002,2026-05-08 11:00:00,200,41.5,60.1358,57.9221
D002,2026-05-08 12:00:00,135,39.5,60.1358,57.9221
D002,2026-05-08 13:00:00,172,39.8,60.1358,57.9221
D002,2026-05-08 14:00:00,174,38.0,60.1358,57.9221
D002,2026-05-08 15:00:00,233,37.1,60.1358,57.9221
D002,2026-05-08 16:00:00,287,34.1,60.1358,57.9221
D002,2026-05-08 17:00:00,389,35.6,60.1358,57.9221
D002,2026-05-08 18:00:00,482,28.4,60.1358,57.9221
D002,2026-05-08 19:00:00,439,36.7,60.1358,57.9221
D002,2026-05-08 20:00:00,315,37.8,60.1358,57.9221
D002,2026-05-08 21:00:00,239,36.6,60.1358,57.9221
D002,2026-05-08 22:00:00,156,38.3,60.1358,57.9221
D002,2026-05-08 23:00:00,145,34.7,60.1358,57.9221
D002,2026-05-09 00:00:00,40,42.1,60.1358,57.9221
D002,2026-05-09 01:00:00,39,42.0,60.1358,57.9221
D002,2026-05-09 02:00:00,84,37.9,60.1358,57.9221
D002,2026-05-09 03:00:00,14,45.1,60.1358,57.9221
D002,2026-05-09 04:00:00,76,39.6,60.1358,57.9221
D002,2026-05-09 05:00:00,175,36.9,60.1358,57.9221
D002,2026-05-09 06:00:00,225,37.7,60.1358,57.9221
D002,2026-05-09 07:00:00,314,38.9,60.1358,57.9221
D002,2026-05-09 08:00:00,297,41.9,60.1358,57.9221
D002,2026-05-09 09:00:00,254,36.0,60.1358,57.9221
D002,2026-05-09 10:00:00,235,35.6,60.1358,57.9221
D002,2026-05-09 11:00:00,131,40.5,60.1358,57.9221
D002,2026-05-09 12:00:00,123,41.3,60.1358,57.9221
D002,2026-05-09 13:00:00,98,41.6,60.1358,57.9221
D002,2026-05-09 14:00:00,138,43.3,60.1358,57.9221
D002,2026-05-09 15:00:00,173,36.3,60.1358,57.9221
D002,2026-05-09 16:00:00,235,35.9,60.1358,57.9221
D002,2026-05-09 17:00:00,329,30.8,60.1358,57.9221
D002,2026-05-09 18:00:00,347,31.6,60.1358,57.9221
D002,2026-05-09 19:00:00,328,36.2,60.1358,57.9221
D002,2026-05-09 20:00:00,239,38.2,60.1358,57.9221
D002,2026-05-09 21:00:00,161,40.8,60.1358,57.9221
D002,2026-05-09 22:00:00,125,42.0,60.1358,57.9221
D002,2026-05-09 23:00:00,110,35.4,60.1358,57.9221
D002,2026-05-10 00:00:00,21,46.7,60.1358,57.9221
D002,2026-05-10 01:00:00,57,42.6,60.1358,57.9221
D002,2026-05-10 02:00:00,28,42.5,60.1358,57.9221
D002,2026-05-10 03:00:00,42,44.1,60.1358,57.9221
D002,2026-05-10 04:00:00,16,45.0,60.1358,57.9221
D002,2026-05-10 05:00:00,165,37.1,60.1358,57.9221
D002,2026-05-10 06:00:00,199,39.3,60.1358,57.9221
D002,2026-05-10 07:00:00,287,34.8,60.1358,57.9221
D002,2026-05-10 08:00:00,299,34.4,60.1358,57.9221
D002,2026-05-10 09:00:00,281,36.8,60.1358,57.9221
D002,2026-05-10 10:00:00,202,35.2,60.1358,57.9221
D002,2026-05-10 11:00:00,123,41.9,60.1358,57.9221
D002,2026-05-10 12:00:00,93,41.8,60.1358,57.9221
D002,2026-05-10 13:00:00,105,39.6,60.1358,57.9221
D002,2026-05-10 14:00:00,127,44.0,60.1358,57.9221
D002,2026-05-10 15:00:00,172,38.4,60.1358,57.9221
D002,2026-05-10 16:00:00,208,39.1,60.1358,57.9221
D002,2026-05-10 17:00:00,326,35.9,60.1358,57.9221
D002,2026-05-10 18:00:00,357,34.8,60.1358,57.9221
D002,2026-05-10 19:00:00,282,35.8,60.1358,57.9221
D002,2026-05-10 20:00:00,244,38.5,60.1358,57.9221
D002,2026-05-10 21:00:00,158,39.3,60.1358,57.9221
D002,2026-05-10 22:00:00,133,43.0,60.1358,57.9221
D002,2026-05-10 23:00:00,127,41.8,60.1358,57.9221
D002,2026-05-11 00:00:00,50,40.3,60.1358,57.9221
D002,2026-05-11 01:00:00,23,43.1,60.1358,57.9221
D002,2026-05-11 02:00:00,61,43.1,60.1358,57.9221
D002,2026-05-11 03:00:00,53,39.2,60.1358,57.9221
D002,2026-05-11 04:00:00,21,45.9,60.1358,57.9221
D002,2026-05-11 05:00:00,198,35.4,60.1358,57.9221
D002,2026-05-11 06:00:00,297,36.0,60.1358,57.9221
D002,2026-05-11 07:00:00,434,34.2,60.1358,57.9221
D002,2026-05-11 08:00:00,435,31.1,60.1358,57.9221
D002,2026-05-11 09:00:00,385,32.7,60.1358,57.9221
D002,2026-05-11 10:00:00,255,38.7,60.1358,57.9221
D002,2026-05-11 11:00:00,203,32.1,60.1358,57.9221
D002,2026-05-11 12:00:00,149,37.9,60.1358,57.9221
D002,2026-05-11 13:00:00,172,38.9,60.1358,57.9221
D002,2026-05-11 14:00:00,203,34.6,60.1358,57.9221
D002,2026-05-11 15:00:00,213,40.2,60.1358,57.9221
D002,2026-05-11 16:00:00,314,32.6,60.1358,57.9221
D002,2026-05-11 17:00:00,415,30.4,60.1358,57.9221
D002,2026-05-11 18:00:00,477,32.7,60.1358,57.9221
D002,2026-05-11 19:00:00,396,31.9,60.1358,57.9221
D002,2026-05-11 20:00:00,326,34.8,60.1358,57.9221
D002,2026-05-11 21:00:00,247,37.1,60.1358,57.9221
D002,2026-05-11 22:00:00,165,36.8,60.1358,57.9221
D002,2026-05-11 23:00:00,119,39.8,60.1358,57.9221
D002,2026-05-12 00:00:00,43,44.8,60.1358,57.9221
D002,2026-05-12 01:00:00,36,48.1,60.1358,57.9221
D002,2026-05-12 02:00:00,41,41.8,60.1358,57.9221
D002,2026-05-12 03:00:00,50,40.4,60.1358,57.9221
D002,2026-05-12 04:00:00,51,38.0,60.1358,57.9221
D002,2026-05-12 05:00:00,210,38.1,60.1358,57.9221
D002,2026-05-12 06:00:00,284,36.1,60.1358,57.9221
D002,2026-05-12 07:00:00,358,31.7,60.1358,57.9221
D002,2026-05-12 08:00:00,457,31.9,60.1358,57.9221
D002,2026-05-12 09:00:00,370,34.3,60.1358,57.9221
D002,2026-05-12 10:00:00,288,40.0,60.1358,57.9221
D002,2026-05-12 11:00:00,218,38.6,60.1358,57.9221
D002,2026-05-12 12:00:00,152,43.5,60.1358,57.9221
D002,2026-05-12 13:00:00,153,37.7,60.1358,57.9221
D002,2026-05-12 14:00:00,154,37.7,60.1358,57.9221
D002,2026-05-12 15:00:00,226,39.2,60.1358,57.9221
D002,2026-05-12 16:00:00,342,36.7,60.1358,57.9221
D002,2026-05-12 17:00:00,427,33.5,60.1358,57.9221
D002,2026-05-12 18:00:00,508,31.3,60.1358,57.9221
D002,2026-05-12 19:00:00,453,27.6,60.1358,57.9221
D002,2026-05-12 20:00:00,313,33.3,60.1358,57.9221
D002,2026-05-12 21:00:00,184,38.9,60.1358,57.9221
D002,2026-05-12 22:00:00,201,37.0,60.1358,57.9221
D002,2026-05-12 23:00:00,155,37.6,60.1358,57.9221
D002,2026-05-13 00:00:00,34,43.6,60.1358,57.9221
D002,2026-05-13 01:00:00,21,46.0,60.1358,57.9221
D002,2026-05-13 02:00:00,10,44.4,60.1358,57.9221
D002,2026-05-13 03:00:00,34,46.3,60.1358,57.9221
D002,2026-05-13 04:00:00,61,37.7,60.1358,57.9221
D002,2026-05-13 05:00:00,155,37.3,60.1358,57.9221
D002,2026-05-13 06:00:00,272,35.7,60.1358,57.9221
D002,2026-05-13 07:00:00,381,34.5,60.1358,57.9221
D002,2026-05-13 08:00:00,404,28.4,60.1358,57.9221
D002,2026-05-13 09:00:00,386,32.1,60.1358,57.9221
D002,2026-05-13 10:00:00,279,34.5,60.1358,57.9221
D002,2026-05-13 11:00:00,195,41.6,60.1358,57.9221
D002,2026-05-13 12:00:00,131,37.5,60.1358,57.9221
D002,2026-05-13 13:00:00,166,42.7,60.1358,57.9221
D002,2026-05-13 14:00:00,172,36.3,60.1358,57.9221
D002,2026-05-13 15:00:00,196,38.9,60.1358,57.9221
D002,2026-05-13 16:00:00,304,40.0,60.1358,57.9221
D002,2026-05-13 17:00:00,466,31.1,60.1358,57.9221
D002,2026-05-13 18:00:00,476,30.0,60.1358,57.9221
D002,2026-05-13 19:00:00,445,31.2,60.1358,57.9221
D002,2026-05-13 20:00:00,327,37.6,60.1358,57.9221
D002,2026-05-13 21:00:00,244,41.6,60.1358,57.9221
D002,2026-05-13 22:00:00,146,38.6,60.1358,57.9221
D002,2026-05-13 23:00:00,135,42.0,60.1358,57.9221
D002,2026-05-14 00:00:00,34,44.3,60.1358,57.9221
D002,2026-05-14 01:00:00,21,43.2,60.1358,57.9221
D002,2026-05-14 02:00:00,84,45.2,60.1358,57.9221
D002,2026-05-14 03:00:00,10,44.5,60.1358,57.9221
D002,2026-05-14 04:00:00,62,41.1,60.1358,57.9221
D002,2026-05-14 05:00:00,178,40.3,60.1358,57.9221
D002,2026-05-14 06:00:00,283,37.1,60.1358,57.9221
D002,2026-05-14 07:00:00,378,38.2,60.1358,57.9221
D002,2026-05-14 08:00:00,412,31.0,60.1358,57.9221
D002,2026-05-14 09:00:00,390,34.4,60.1358,57.9221
D002,2026-05-14 10:00:00,256,39.5,60.1358,57.9221
D002,2026-05-14 11:00:00,172,39.1,60.1358,57.9221
D002,2026-05-14 12:00:00,154,38.0,60.1358,57.9221
D002,2026-05-14 13:00:00,175,33.8,60.1358,57.9221
D002,2026-05-14 14:00:00,163,37.3,60.1358,57.9221
D002,2026-05-14 15:00:00,248,40.3,60.1358,57.9221
D002,2026-05-14 16:00:00,340,37.3,60.1358,57.9221
D002,2026-05-14 17:00:00,384,33.3,60.1358,57.9221
D002,2026-05-14 18:00:00,443,30.4,60.1358,57.9221
D002,2026-05-14 19:00:00,429,31.8,60.1358,57.9221
D002,2026-05-14 20:00:00,351,29.5,60.1358,57.9221
D002,2026-05-14 21:00:00,217,34.5,60.1358,57.9221
D002,2026-05-14 22:00:00,146,42.0,60.1358,57.9221
D002,2026-05-14 23:00:00,155,43.0,60.1358,57.9221
D002,2026-05-15 00:00:00,64,42.3,60.1358,57.9221
D002,2026-05-15 01:00:00,25,45.5,60.1358,57.9221
D002,2026-05-15 02:00:00,30,40.5,60.1358,57.9221
D002,2026-05-15 03:00:00,23,43.6,60.1358,57.9221
D002,2026-05-15 04:00:00,70,42.1,60.1358,57.9221
D002,2026-05-15 05:00:00,220,37.9,60.1358,57.9221
D002,2026-05-15 06:00:00,273,42.1,60.1358,57.9221
D002,2026-05-15 07:00:00,414,32.5,60.1358,57.9221
D002,2026-05-15 08:00:00,414,28.5,60.1358,57.9221
D002,2026-05-15 09:00:00,388,32.2,60.1358,57.9221
D002,2026-05-15 10:00:00,289,36.4,60.1358,57.9221
D002,2026-05-15 11:00:00,206,40.6,60.1358,57.9221
D002,2026-05-15 12:00:00,166,37.6,60.1358,57.9221
D002,2026-05-15 13:00:00,141,41.2,60.1358,57.9221
D002,2026-05-15 14:00:00,157,41.1,60.1358,57.9221
D002,2026-05-15 15:00:00,245,36.8,60.1358,57.9221
D002,2026-05-15 16:00:00,312,31.1,60.1358,57.9221
D002,2026-05-15 17:00:00,404,28.8,60.1358,57.9221
D002,2026-05-15 18:00:00,468,29.5,60.1358,57.9221
D002,2026-05-15 19:00:00,408,34.2,60.1358,57.9221
D002,2026-05-15 20:00:00,328,34.6,60.1358,57.9221
D002,2026-05-15 21:00:00,242,39.3,60.1358,57.9221
D002,2026-05-15 22:00:00,147,41.3,60.1358,57.9221
D002,2026-05-15 23:00:00,119,38.8,60.1358,57.9221
D002,2026-05-16 00:00:00,49,44.1,60.1358,57.9221
D002,2026-05-16 01:00:00,42,43.2,60.1358,57.9221
D002,2026-05-16 02:00:00,56,39.0,60.1358,57.9221
D002,2026-05-16 03:00:00,26,43.4,60.1358,57.9221
D002,2026-05-16 04:00:00,70,44.2,60.1358,57.9221
D002,2026-05-16 05:00:00,161,37.7,60.1358,57.9221
D002,2026-05-16 06:00:00,242,38.1,60.1358,57.9221
D002,2026-05-16 07:00:00,256,41.8,60.1358,57.9221
D002,2026-05-16 08:00:00,283,33.9,60.1358,57.9221
D002,2026-05-16 09:00:00,270,34.1,60.1358,57.9221
D002,2026-05-16 10:00:00,211,38.5,60.1358,57.9221
D002,2026-05-16 11:00:00,145,44.0,60.1358,57.9221
D002,2026-05-16 12:00:00,86,44.5,60.1358,57.9221
D002,2026-05-16 13:00:00,96,44.4,60.1358,57.9221
D002,2026-05-16 14:00:00,161,44.4,60.1358,57.9221
D002,2026-05-16 15:00:00,164,36.7,60.1358,57.9221
D002,2026-05-16 16:00:00,241,36.9,60.1358,57.9221
D002,2026-05-16 17:00:00,274,37.7,60.1358,57.9221
D002,2026-05-16 18:00:00,320,37.9,60.1358,57.9221
D002,2026-05-16 19:00:00,323,34.1,60.1358,57.9221
D002,2026-05-16 20:00:00,235,36.7,60.1358,57.9221
D002,2026-05-16 21:00:00,159,46.2,60.1358,57.9221
D002,2026-05-16 22:00:00,109,41.0,60.1358,57.9221
D002,2026-05-16 23:00:00,127,39.5,60.1358,57.9221
D002,2026-05-17 00:00:00,19,40.5,60.1358,57.9221
D002,2026-05-17 01:00:00,52,44.1,60.1358,57.9221
D002,2026-05-17 02:00:00,39,39.6,60.1358,57.9221
D002,2026-05-17 03:00:00,40,43.5,60.1358,57.9221
D002,2026-05-17 04:00:00,28,40.2,60.1358,57.9221
D002,2026-05-17 05:00:00,142,38.0,60.1358,57.9221
D002,2026-05-17 06:00:00,203,38.3,60.1358,57.9221
D002,2026-05-17 07:00:00,268,38.2,60.1358,57.9221
D002,2026-05-17 08:00:00,307,36.3,60.1358,57.9221
D002,2026-05-17 09:00:00,282,38.1,60.1358,57.9221
D002,2026-05-17 10:00:00,185,37.9,60.1358,57.9221
D002,2026-05-17 11:00:00,159,39.8,60.1358,57.9221
D002,2026-05-17 12:00:00,135,41.7,60.1358,57.9221
D002,2026-05-17 13:00:00,103,43.0,60.1358,57.9221
D002,2026-05-17 14:00:00,122,42.6,60.1358,57.9221
D002,2026-05-17 15:00:00,201,40.6,60.1358,57.9221
D002,2026-05-17 16:00:00,276,32.6,60.1358,57.9221
D002,2026-05-17 17:00:00,295,34.9,60.1358,57.9221
D002,2026-05-17 18:00:00,329,35.3,60.1358,57.9221
D002,2026-05-17 19:00:00,299,37.8,60.1358,57.9221
D002,2026-05-17 20:00:00,252,37.6,60.1358,57.9221
D002,2026-05-17 21:00:00,149,40.9,60.1358,57.9221
D002,2026-05-17 22:00:00,138,40.8,60.1358,57.9221
D002,2026-05-17 23:00:00,110,43.9,60.1358,57.9221
D002,2026-05-18 00:00:00,33,42.2,60.1358,57.9221
D002,2026-05-18 01:00:00,54,43.6,60.1358,57.9221
D002,2026-05-18 02:00:00,58,41.7,60.1358,57.9221
D002,2026-05-18 03:00:00,20,40.7,60.1358,57.9221
D002,2026-05-18 04:00:00,39,44.6,60.1358,57.9221
D002,2026-05-18 05:00:00,212,33.9,60.1358,57.9221
D002,2026-05-18 06:00:00,290,35.4,60.1358,57.9221
D002,2026-05-18 07:00:00,362,38.4,60.1358,57.9221
D002,2026-05-18 08:00:00,433,33.3,60.1358,57.9221
D002,2026-05-18 09:00:00,427,30.4,60.1358,57.9221
D002,2026-05-18 10:00:00,274,39.4,60.1358,57.9221
D002,2026-05-18 11:00:00,175,39.1,60.1358,57.9221
D002,2026-05-18 12:00:00,161,41.5,60.1358,57.9221
D002,2026-05-18 13:00:00,162,37.3,60.1358,57.9221
D002,2026-05-18 14:00:00,193,40.3,60.1358,57.9221
D002,2026-05-18 15:00:00,213,36.3,60.1358,57.9221
D002,2026-05-18 16:00:00,317,32.3,60.1358,57.9221
D002,2026-05-18 17:00:00,443,30.5,60.1358,57.9221
D002,2026-05-18 18:00:00,462,28.4,60.1358,57.9221
D002,2026-05-18 19:00:00,417,35.2,60.1358,57.9221
D002,2026-05-18 20:00:00,340,30.6,60.1358,57.9221
D002,2026-05-18 21:00:00,215,39.2,60.1358,57.9221
D002,2026-05-18 22:00:00,167,38.0,60.1358,57.9221
D002,2026-05-18 23:00:00,136,37.1,60.1358,57.9221
D002,2026-05-19 00:00:00,44,41.9,60.1358,57.9221
D002,2026-05-19 01:00:00,63,42.0,60.1358,57.9221
D002,2026-05-19 02:00:00,25,44.8,60.1358,57.9221
D002,2026-05-19 03:00:00,68,40.4,60.1358,57.9221
D002,2026-05-19 04:00:00,16,42.5,60.1358,57.9221
D002,2026-05-19 05:00:00,174,42.6,60.1358,57.9221
D002,2026-05-19 06:00:00,256,35.9,60.1358,57.9221
D002,2026-05-19 07:00:00,407,34.2,60.1358,57.9221
D002,2026-05-19 08:00:00,419,30.2,60.1358,57.9221
D002,2026-05-19 09:00:00,378,32.6,60.1358,57.9221
D002,2026-05-19 10:00:00,308,34.8,60.1358,57.9221
D002,2026-05-19 11:00:00,174,41.1,60.1358,57.9221
D002,2026-05-19 12:00:00,179,38.3,60.1358,57.9221
D002,2026-05-19 13:00:00,169,39.2,60.1358,57.9221
D002,2026-05-19 14:00:00,154,39.4,60.1358,57.9221
D002,2026-05-19 15:00:00,212,36.5,60.1358,57.9221
D002,2026-05-19 16:00:00,309,35.8,60.1358,57.9221
D002,2026-05-19 17:00:00,428,28.8,60.1358,57.9221
D002,2026-05-19 18:00:00,451,31.0,60.1358,57.9221
D002,2026-05-19 19:00:00,433,31.7,60.1358,57.9221
D002,2026-05-19 20:00:00,286,38.6,60.1358,57.9221
D002,2026-05-19 21:00:00,264,39.9,60.1358,57.9221
D002,2026-05-19 22:00:00,185,40.1,60.1358,57.9221
D002,2026-05-19 23:00:00,140,40.4,60.1358,57.9221
D002,2026-05-20 00:00:00,22,43.6,60.1358,57.9221
D002,2026-05-20 01:00:00,17,44.8,60.1358,57.9221
D002,2026-05-20 02:00:00,36,44.6,60.1358,57.9221
D002,2026-05-20 03:00:00,47,41.6,60.1358,57.9221
D002,2026-05-20 04:00:00,62,39.6,60.1358,57.9221
D002,2026-05-20 05:00:00,193,37.3,60.1358,57.9221
D002,2026-05-20 06:00:00,294,35.4,60.1358,57.9221
D002,2026-05-20 07:00:00,386,34.0,60.1358,57.9221
D002,2026-05-20 08:00:00,386,30.8,60.1358,57.9221
D002,2026-05-20 09:00:00,383,35.2,60.1358,57.9221
D002,2026-05-20 10:00:00,291,38.5,60.1358,57.9221
D002,2026-05-20 11:00:00,194,38.6,60.1358,57.9221
D002,2026-05-20 12:00:00,151,38.7,60.1358,57.9221
D002,2026-05-20 13:00:00,140,38.8,60.1358,57.9221
D002,2026-05-20 14:00:00,173,37.6,60.1358,57.9221
D002,2026-05-20 15:00:00,233,33.3,60.1358,57.9221
D002,2026-05-20 16:00:00,334,34.8,60.1358,57.9221
D002,2026-05-20 17:00:00,432,30.5,60.1358,57.9221
D002,2026-05-20 18:00:00,458,32.9,60.1358,57.9221
D002,2026-05-20 19:00:00,421,36.2,60.1358,57.9221
D002,2026-05-20 20:00:00,301,34.8,60.1358,57.9221
D002,2026-05-20 21:00:00,212,36.2,60.1358,57.9221
D002,2026-05-20 22:00:00,161,38.3,60.1358,57.9221
D002,2026-05-20 23:00:00,166,36.7,60.1358,57.9221
D002,2026-05-21 00:00:00,53,39.3,60.1358,57.9221
D002,2026-05-21 01:00:00,35,45.9,60.1358,57.9221
D002,2026-05-21 02:00:00,51,43.1,60.1358,57.9221
D002,2026-05-21 03:00:00,55,43.7,60.1358,57.9221
D002,2026-05-21 04:00:00,58,45.4,60.1358,57.9221
D002,2026-05-21 05:00:00,179,38.7,60.1358,57.9221
D002,2026-05-21 06:00:00,292,37.2,60.1358,57.9221
D002,2026-05-21 07:00:00,391,35.6,60.1358,57.9221
D002,2026-05-21 08:00:00,419,28.9,60.1358,57.9221
D002,2026-05-21 09:00:00,404,32.3,60.1358,57.9221
D002,2026-05-21 10:00:00,271,36.3,60.1358,57.9221
D002,2026-05-21 11:00:00,191,40.7,60.1358,57.9221
D002,2026-05-21 12:00:00,176,39.6,60.1358,57.9221
D002,2026-05-21 13:00:00,164,39.3,60.1358,57.9221
D002,2026-05-21 14:00:00,194,33.2,60.1358,57.9221
D002,2026-05-21 15:00:00,211,37.8,60.1358,57.9221
D002,2026-05-21 16:00:00,319,32.7,60.1358,57.9221
D002,2026-05-21 17:00:00,435,29.3,60.1358,57.9221
D002,2026-05-21 18:00:00,471,30.7,60.1358,57.9221
D002,2026-05-21 19:00:00,425,29.9,60.1358,57.9221
D002,2026-05-21 20:00:00,323,37.4,60.1358,57.9221
D002,2026-05-21 21:00:00,242,39.1,60.1358,57.9221
D002,2026-05-21 22:00:00,174,35.2,60.1358,57.9221
D002,2026-05-21 23:00:00,143,39.5,60.1358,57.9221
D002,2026-05-22 00:00:00,66,44.6,60.1358,57.9221
D002,2026-05-22 01:00:00,50,40.7,60.1358,57.9221
D002,2026-05-22 02:00:00,45,42.1,60.1358,57.9221
D002,2026-05-22 03:00:00,39,40.2,60.1358,57.9221
D002,2026-05-22 04:00:00,55,42.3,60.1358,57.9221
D002,2026-05-22 05:00:00,213,34.6,60.1358,57.9221
D002,2026-05-22 06:00:00,260,44.5,60.1358,57.9221
D002,2026-05-22 07:00:00,365,34.1,60.1358,57.9221
D002,2026-05-22 08:00:00,436,29.3,60.1358,57.9221
D002,2026-05-22 09:00:00,412,32.0,60.1358,57.9221
D002,2026-05-22 10:00:00,283,39.8,60.1358,57.9221
D002,2026-05-22 11:00:00,184,37.6,60.1358,57.9221
D002,2026-05-22 12:00:00,154,36.5,60.1358,57.9221
D002,2026-05-22 13:00:00,160,40.4,60.1358,57.9221
D002,2026-05-22 14:00:00,179,40.3,60.1358,57.9221
D002,2026-05-22 15:00:00,248,37.6,60.1358,57.9221
D002,2026-05-22 16:00:00,322,37.4,60.1358,57.9221
D002,2026-05-22 17:00:00,412,35.2,60.1358,57.9221
D002,2026-05-22 18:00:00,464,32.3,60.1358,57.9221
D002,2026-05-22 19:00:00,457,25.8,60.1358,57.9221
D002,2026-05-22 20:00:00,323,33.8,60.1358,57.9221
D002,2026-05-22 21:00:00,263,35.5,60.1358,57.9221
D002,2026-05-22 22:00:00,225,34.1,60.1358,57.9221
D002,2026-05-22 23:00:00,158,38.6,60.1358,57.9221
D002,2026-05-23 00:00:00,39,41.6,60.1358,57.9221
D002,2026-05-23 01:00:00,22,39.4,60.1358,57.9221
D002,2026-05-23 02:00:00,32,39.8,60.1358,57.9221
D002,2026-05-23 03:00:00,10,43.9,60.1358,57.9221
D002,2026-05-23 04:00:00,32,45.3,60.1358,57.9221
D002,2026-05-23 05:00:00,118,41.5,60.1358,57.9221
D002,2026-05-23 06:00:00,208,37.3,60.1358,57.9221
D002,2026-05-23 07:00:00,260,36.3,60.1358,57.9221
D002,2026-05-23 08:00:00,324,33.8,60.1358,57.9221
D002,2026-05-23 09:00:00,289,35.1,60.1358,57.9221
D002,2026-05-23 10:00:00,233,37.3,60.1358,57.9221
D002,2026-05-23 11:00:00,140,36.4,60.1358,57.9221
D002,2026-05-23 12:00:00,89,42.3,60.1358,57.9221
D002,2026-05-23 13:00:00,107,41.5,60.1358,57.9221
D002,2026-05-23 14:00:00,114,40.4,60.1358,57.9221
D002,2026-05-23 15:00:00,156,40.1,60.1358,57.9221
D002,2026-05-23 16:00:00,231,41.4,60.1358,57.9221
D002,2026-05-23 17:00:00,293,38.0,60.1358,57.9221
D002,2026-05-23 18:00:00,317,33.8,60.1358,57.9221
D002,2026-05-23 19:00:00,290,38.4,60.1358,57.9221
D002,2026-05-23 20:00:00,242,37.3,60.1358,57.9221
D002,2026-05-23 21:00:00,171,36.7,60.1358,57.9221
D002,2026-05-23 22:00:00,152,42.7,60.1358,57.9221
D002,2026-05-23 23:00:00,108,40.9,60.1358,57.9221
D002,2026-05-24 00:00:00,42,42.4,60.1358,57.9221
D002,2026-05-24 01:00:00,27,42.1,60.1358,57.9221
D002,2026-05-24 02:00:00,24,42.3,60.1358,57.9221
D002,2026-05-24 03:00:00,44,42.0,60.1358,57.9221
D002,2026-05-24 04:00:00,26,41.9,60.1358,57.9221
D002,2026-05-24 05:00:00,116,44.1,60.1358,57.9221
D002,2026-05-24 06:00:00,211,39.8,60.1358,57.9221
D002,2026-05-24 07:00:00,265,39.6,60.1358,57.9221
D002,2026-05-24 08:00:00,311,38.2,60.1358,57.9221
D002,2026-05-24 09:00:00,274,36.0,60.1358,57.9221
D002,2026-05-24 10:00:00,192,38.6,60.1358,57.9221
D002,2026-05-24 11:00:00,147,43.0,60.1358,57.9221
D002,2026-05-24 12:00:00,143,40.1,60.1358,57.9221
D002,2026-05-24 13:00:00,133,34.2,60.1358,57.9221
D002,2026-05-24 14:00:00,118,41.1,60.1358,57.9221
D002,2026-05-24 15:00:00,183,39.7,60.1358,57.9221
D002,2026-05-24 16:00:00,234,36.2,60.1358,57.9221
D002,2026-05-24 17:00:00,291,39.8,60.1358,57.9221
D002,2026-05-24 18:00:00,357,36.6,60.1358,57.9221
D002,2026-05-24 19:00:00,306,34.0,60.1358,57.9221
D002,2026-05-24 20:00:00,245,36.9,60.1358,57.9221
D002,2026-05-24 21:00:00,165,39.2,60.1358,57.9221
D002,2026-05-24 22:00:00,115,38.8,60.1358,57.9221
D002,2026-05-24 23:00:00,105,37.9,60.1358,57.9221
D002,2026-05-25 00:00:00,53,44.3,60.1358,57.9221
D002,2026-05-25 01:00:00,29,39.1,60.1358,57.9221
D002,2026-05-25 02:00:00,50,43.1,60.1358,57.9221
D002,2026-05-25 03:00:00,44,39.8,60.1358,57.9221
D002,2026-05-25 04:00:00,13,47.4,60.1358,57.9221
D002,2026-05-25 05:00:00,194,39.5,60.1358,57.9221
D002,2026-05-25 06:00:00,279,36.9,60.1358,57.9221
D002,2026-05-25 07:00:00,358,32.7,60.1358,57.9221
D002,2026-05-25 08:00:00,404,30.0,60.1358,57.9221
D002,2026-05-25 09:00:00,368,29.4,60.1358,57.9221
D002,2026-05-25 10:00:00,272,34.6,60.1358,57.9221
D002,2026-05-25 11:00:00,177,38.6,60.1358,57.9221
D002,2026-05-25 12:00:00,160,37.5,60.1358,57.9221
D002,2026-05-25 13:00:00,191,40.1,60.1358,57.9221
D002,2026-05-25 14:00:00,196,37.6,60.1358,57.9221
D002,2026-05-25 15:00:00,248,38.5,60.1358,57.9221
D002,2026-05-25 16:00:00,308,33.6,60.1358,57.9221
D002,2026-05-25 17:00:00,477,29.3,60.1358,57.9221
D002,2026-05-25 18:00:00,476,29.8,60.1358,57.9221
D002,2026-05-25 19:00:00,439,29.1,60.1358,57.9221
D002,2026-05-25 20:00:00,308,37.6,60.1358,57.9221
D002,2026-05-25 21:00:00,236,31.7,60.1358,57.9221
D002,2026-05-25 22:00:00,176,38.5,60.1358,57.9221
D002,2026-05-25 23:00:00,164,40.0,60.1358,57.9221
D002,2026-05-26 00:00:00,49,42.8,60.1358,57.9221
D002,2026-05-26 01:00:00,48,40.1,60.1358,57.9221
D002,2026-05-26 02:00:00,28,41.3,60.1358,57.9221
D002,2026-05-26 03:00:00,19,45.2,60.1358,57.9221
D002,2026-05-26 04:00:00,66,43.4,60.1358,57.9221
D002,2026-05-26 05:00:00,187,37.4,60.1358,57.9221
D002,2026-05-26 06:00:00,273,38.6,60.1358,57.9221
D002,2026-05-26 07:00:00,390,36.6,60.1358,57.9221
D002,2026-05-26 08:00:00,411,31.6,60.1358,57.9221
D002,2026-05-26 09:00:00,358,30.6,60.1358,57.9221
D002,2026-05-26 10:00:00,278,35.2,60.1358,57.9221
D002,2026-05-26 11:00:00,189,35.2,60.1358,57.9221
D002,2026-05-26 12:00:00,164,38.6,60.1358,57.9221
D002,2026-05-26 13:00:00,171,40.3,60.1358,57.9221
D002,2026-05-26 14:00:00,152,40.5,60.1358,57.9221
D002,2026-05-26 15:00:00,222,41.0,60.1358,57.9221
D002,2026-05-26 16:00:00,326,33.5,60.1358,57.9221
D002,2026-05-26 17:00:00,417,28.7,60.1358,57.9221
D002,2026-05-26 18:00:00,490,34.5,60.1358,57.9221
D002,2026-05-26 19:00:00,393,32.1,60.1358,57.9221
D002,2026-05-26 20:00:00,324,33.3,60.1358,57.9221
D002,2026-05-26 21:00:00,254,39.4,60.1358,57.9221
D002,2026-05-26 22:00:00,171,43.6,60.1358,57.9221
D002,2026-05-26 23:00:00,152,39.1,60.1358,57.9221
D002,2026-05-27 00:00:00,47,41.0,60.1358,57.9221
D002,2026-05-27 01:00:00,69,43.4,60.1358,57.9221
D002,2026-05-27 02:00:00,36,42.6,60.1358,57.9221
D002,2026-05-27 03:00:00,27,43.8,60.1358,57.9221
D002,2026-05-27 04:00:00,24,43.3,60.1358,57.9221
D002,2026-05-27 05:00:00,189,39.8,60.1358,57.9221
D002,2026-05-27 06:00:00,299,37.1,60.1358,57.9221
D002,2026-05-27 07:00:00,379,31.5,60.1358,57.9221
D002,2026-05-27 08:00:00,423,31.8,60.1358,57.9221
D002,2026-05-27 09:00:00,390,31.5,60.1358,57.9221
D002,2026-05-27 10:00:00,263,36.8,60.1358,57.9221
D002,2026-05-27 11:00:00,223,41.7,60.1358,57.9221
D002,2026-05-27 12:00:00,174,36.8,60.1358,57.9221
D002,2026-05-27 13:00:00,180,36.9,60.1358,57.9221
D002,2026-05-27 14:00:00,162,40.3,60.1358,57.9221
D002,2026-05-27 15:00:00,208,39.8,60.1358,57.9221
D002,2026-05-27 16:00:00,325,35.5,60.1358,57.9221
D002,2026-05-27 17:00:00,409,34.1,60.1358,57.9221
D002,2026-05-27 18:00:00,477,29.4,60.1358,57.9221
D002,2026-05-27 19:00:00,441,25.4,60.1358,57.9221
D002,2026-05-27 20:00:00,333,34.2,60.1358,57.9221
D002,2026-05-27 21:00:00,218,38.1,60.1358,57.9221
D002,2026-05-27 22:00:00,185,37.0,60.1358,57.9221
D002,2026-05-27 23:00:00,149,39.6,60.1358,57.9221
D002,2026-05-28 00:00:00,49,45.3,60.1358,57.9221
D002,2026-05-28 01:00:00,34,45.9,60.1358,57.9221
D002,2026-05-28 02:00:00,19,44.1,60.1358,57.9221
D002,2026-05-28 03:00:00,12,43.8,60.1358,57.9221
D002,2026-05-28 04:00:00,60,46.7,60.1358,57.9221
D002,2026-05-28 05:00:00,199,36.6,60.1358,57.9221
D002,2026-05-28 06:00:00,299,35.5,60.1358,57.9221
D002,2026-05-28 07:00:00,383,35.0,60.1358,57.9221
D002,2026-05-28 08:00:00,448,27.3,60.1358,57.9221
D002,2026-05-28 09:00:00,382,32.9,60.1358,57.9221
D002,2026-05-28 10:00:00,261,32.9,60.1358,57.9221
D002,2026-05-28 11:00:00,197,37.3,60.1358,57.9221
D002,2026-05-28 12:00:00,147,39.5,60.1358,57.9221
D002,2026-05-28 13:00:00,148,39.8,60.1358,57.9221
D002,2026-05-28 14:00:00,204,38.0,60.1358,57.9221
D002,2026-05-28 15:00:00,266,39.1,60.1358,57.9221
D002,2026-05-28 16:00:00,343,32.5,60.1358,57.9221
D002,2026-05-28 17:00:00,419,29.9,60.1358,57.9221
D002,2026-05-28 18:00:00,475,30.2,60.1358,57.9221
D002,2026-05-28 19:00:00,432,32.2,60.1358,57.9221
D002,2026-05-28 20:00:00,329,33.7,60.1358,57.9221
D002,2026-05-28 21:00:00,215,36.8,60.1358,57.9221
D002,2026-05-28 22:00:00,188,38.2,60.1358,57.9221
D002,2026-05-28 23:00:00,151,41.6,60.1358,57.9221
D002,2026-05-29 00:00:00,51,39.3,60.1358,57.9221
D002,2026-05-29 01:00:00,41,40.9,60.1358,57.9221
D002,2026-05-29 02:00:00,42,43.6,60.1358,57.9221
D002,2026-05-29 03:00:00,52,46.2,60.1358,57.9221
D002,2026-05-29 04:00:00,38,42.3,60.1358,57.9221
D002,2026-05-29 05:00:00,209,40.1,60.1358,57.9221
D002,2026-05-29 06:00:00,262,38.0,60.1358,57.9221
D002,2026-05-29 07:00:00,393,32.3,60.1358,57.9221
D002,2026-05-29 08:00:00,423,33.4,60.1358,57.9221
D002,2026-05-29 09:00:00,389,33.7,60.1358,57.9221
D002,2026-05-29 10:00:00,268,32.5,60.1358,57.9221
D002,2026-05-29 11:00:00,197,37.7,60.1358,57.9221
D002,2026-05-29 12:00:00,168,37.5,60.1358,57.9221
D002,2026-05-29 13:00:00,166,40.1,60.1358,57.9221
D002,2026-05-29 14:00:00,163,41.4,60.1358,57.9221
D002,2026-05-29 15:00:00,226,35.9,60.1358,57.9221
D002,2026-05-29 16:00:00,331,34.4,60.1358,57.9221
D002,2026-05-29 17:00:00,408,33.6,60.1358,57.9221
D002,2026-05-29 18:00:00,467,28.9,60.1358,57.9221
D002,2026-05-29 19:00:00,393,33.6,60.1358,57.9221
D002,2026-05-29 20:00:00,328,34.8,60.1358,57.9221
D002,2026-05-29 21:00:00,257,31.1,60.1358,57.9221
D002,2026-05-29 22:00:00,198,41.3,60.1358,57.9221
D002,2026-05-29 23:00:00,134,42.4,60.1358,57.9221
D002,2026-05-30 00:00:00,16,41.2,60.1358,57.9221
D002,2026-05-30 01:00:00,29,47.2,60.1358,57.9221
D002,2026-05-30 02:00:00,37,43.0,60.1358,57.9221
D002,2026-05-30 03:00:00,47,41.3,60.1358,57.9221
D002,2026-05-30 04:00:00,61,45.7,60.1358,57.9221
D002,2026-05-30 05:00:00,150,37.9,60.1358,57.9221
D002,2026-05-30 06:00:00,221,38.3,60.1358,57.9221
D002,2026-05-30 07:00:00,286,38.3,60.1358,57.9221
D002,2026-05-30 08:00:00,316,32.9,60.1358,57.9221
D002,2026-05-30 09:00:00,301,35.9,60.1358,57.9221
D002,2026-05-30 10:00:00,208,39.4,60.1358,57.9221
D002,2026-05-30 11:00:00,148,41.4,60.1358,57.9221
D002,2026-05-30 12:00:00,119,40.2,60.1358,57.9221
D002,2026-05-30 13:00:00,101,40.0,60.1358,57.9221
D002,2026-05-30 14:00:00,121,42.7,60.1358,57.9221
D002,2026-05-30 15:00:00,161,39.1,60.1358,57.9221
D002,2026-05-30 16:00:00,233,38.5,60.1358,57.9221
D002,2026-05-30 17:00:00,317,39.2,60.1358,57.9221
D002,2026-05-30 18:00:00,311,34.5,60.1358,57.9221
D002,2026-05-30 19:00:00,316,31.2,60.1358,57.9221
D002,2026-05-30 20:00:00,266,36.1,60.1358,57.9221
D002,2026-05-30 21:00:00,153,41.7,60.1358,57.9221
D002,2026-05-30 22:00:00,87,42.0,60.1358,57.9221
D002,2026-05-30 23:00:00,91,41.3,60.1358,57.9221
D003,2026-05-01 00:00:00,36,52.2,60.1017,57.9364
D003,2026-05-01 01:00:00,37,55.0,60.1017,57.9364
D003,2026-05-01 02:00:00,30,50.0,60.1017,57.9364
D003,2026-05-01 03:00:00,52,49.7,60.1017,57.9364
D003,2026-05-01 04:00:00,40,41.7,60.1017,57.9364
D003,2026-05-01 05:00:00,145,45.8,60.1017,57.9364
D003,2026-05-01 06:00:00,186,42.8,60.1017,57.9364
D003,2026-05-01 07:00:00,280,35.8,60.1017,57.9364
D003,2026-05-01 08:00:00,353,39.8,60.1017,57.9364
D003,2026-05-01 09:00:00,270,44.9,60.1017,57.9364
D003,2026-05-01 10:00:00,199,41.7,60.1017,57.9364
D003,2026-05-01 11:00:00,156,41.9,60.1017,57.9364
D003,2026-05-01 12:00:00,121,49.6,60.1017,57.9364
D003,2026-05-01 13:00:00,117,43.9,60.1017,57.9364
D003,2026-05-01 14:00:00,125,46.5,60.1017,57.9364
D003,2026-05-01 15:00:00,147,40.8,60.1017,57.9364
D003,2026-05-01 16:00:00,204,42.4,60.1017,57.9364
D003,2026-05-01 17:00:00,314,45.0,60.1017,57.9364
D003,2026-05-01 18:00:00,339,36.1,60.1017,57.9364
D003,2026-05-01 19:00:00,286,42.5,60.1017,57.9364
D003,2026-05-01 20:00:00,237,43.0,60.1017,57.9364
D003,2026-05-01 21:00:00,165,47.8,60.1017,57.9364
D003,2026-05-01 22:00:00,162,45.3,60.1017,57.9364
D003,2026-05-01 23:00:00,108,48.6,60.1017,57.9364
D003,2026-05-02 00:00:00,13,46.6,60.1017,57.9364
D003,2026-05-02 01:00:00,30,49.1,60.1017,57.9364
D003,2026-05-02 02:00:00,45,50.5,60.1017,57.9364
D003,2026-05-02 03:00:00,48,48.1,60.1017,57.9364
D003,2026-05-02 04:00:00,44,46.6,60.1017,57.9364
D003,2026-05-02 05:00:00,115,46.7,60.1017,57.9364
D003,2026-05-02 06:00:00,157,44.7,60.1017,57.9364
D003,2026-05-02 07:00:00,202,44.7,60.1017,57.9364
D003,2026-05-02 08:00:00,220,43.8,60.1017,57.9364
D003,2026-05-02 09:00:00,220,41.6,60.1017,57.9364
D003,2026-05-02 10:00:00,165,44.3,60.1017,57.9364
D003,2026-05-02 11:00:00,120,52.1,60.1017,57.9364
D003,2026-05-02 12:00:00,65,44.5,60.1017,57.9364
D003,2026-05-02 13:00:00,80,47.1,60.1017,57.9364
D003,2026-05-02 14:00:00,78,48.0,60.1017,57.9364
D003,2026-05-02 15:00:00,106,50.7,60.1017,57.9364
D003,2026-05-02 16:00:00,183,46.9,60.1017,57.9364
D003,2026-05-02 17:00:00,253,39.8,60.1017,57.9364
D003,2026-05-02 18:00:00,188,48.6,60.1017,57.9364
D003,2026-05-02 19:00:00,216,42.9,60.1017,57.9364
D003,2026-05-02 20:00:00,130,43.6,60.1017,57.9364
D003,2026-05-02 21:00:00,128,46.4,60.1017,57.9364
D003,2026-05-02 22:00:00,49,47.9,60.1017,57.9364
D003,2026-05-02 23:00:00,94,50.9,60.1017,57.9364
D003,2026-05-03 00:00:00,25,57.2,60.1017,57.9364
D003,2026-05-03 01:00:00,39,54.4,60.1017,57.9364
D003,2026-05-03 02:00:00,45,52.0,60.1017,57.9364
D003,2026-05-03 03:00:00,10,48.1,60.1017,57.9364
D003,2026-05-03 04:00:00,10,52.2,60.1017,57.9364
D003,2026-05-03 05:00:00,99,48.7,60.1017,57.9364
D003,2026-05-03 06:00:00,139,47.3,60.1017,57.9364
D003,2026-05-03 07:00:00,207,43.4,60.1017,57.9364
D003,2026-05-03 08:00:00,208,37.6,60.1017,57.9364
D003,2026-05-03 09:00:00,205,41.8,60.1017,57.9364
D003,2026-05-03 10:00:00,123,48.8,60.1017,57.9364
D003,2026-05-03 11:00:00,115,48.7,60.1017,57.9364
D003,2026-05-03 12:00:00,97,45.6,60.1017,57.9364
D003,2026-05-03 13:00:00,73,47.7,60.1017,57.9364
D003,2026-05-03 14:00:00,119,48.9,60.1017,57.9364
D003,2026-05-03 15:00:00,111,49.2,60.1017,57.9364
D003,2026-05-03 16:00:00,169,44.7,60.1017,57.9364
D003,2026-05-03 17:00:00,220,44.7,60.1017,57.9364
D003,2026-05-03 18:00:00,230,39.7,60.1017,57.9364
D003,2026-05-03 19:00:00,218,42.3,60.1017,57.9364
D003,2026-05-03 20:00:00,142,44.4,60.1017,57.9364
D003,2026-05-03 21:00:00,111,47.4,60.1017,57.9364
D003,2026-05-03 22:00:00,97,47.5,60.1017,57.9364
D003,2026-05-03 23:00:00,83,47.7,60.1017,57.9364
D003,2026-05-04 00:00:00,39,51.3,60.1017,57.9364
D003,2026-05-04 01:00:00,39,53.5,60.1017,57.9364
D003,2026-05-04 02:00:00,24,47.5,60.1017,57.9364
D003,2026-05-04 03:00:00,28,52.6,60.1017,57.9364
D003,2026-05-04 04:00:00,33,51.3,60.1017,57.9364
D003,2026-05-04 05:00:00,106,45.7,60.1017,57.9364
D003,2026-05-04 06:00:00,204,45.2,60.1017,57.9364
D003,2026-05-04 07:00:00,250,42.4,60.1017,57.9364
D003,2026-05-04 08:00:00,284,37.6,60.1017,57.9364
D003,2026-05-04 09:00:00,265,41.4,60.1017,57.9364
D003,2026-05-04 10:00:00,201,45.2,60.1017,57.9364
D003,2026-05-04 11:00:00,167,47.1,60.1017,57.9364
D003,2026-05-04 12:00:00,104,49.7,60.1017,57.9364
D003,2026-05-04 13:00:00,81,48.8,60.1017,57.9364
D003,2026-05-04 14:00:00,141,47.6,60.1017,57.9364
D003,2026-05-04 15:00:00,176,48.9,60.1017,57.9364
D003,2026-05-04 16:00:00,212,44.9,60.1017,57.9364
D003,2026-05-04 17:00:00,292,42.3,60.1017,57.9364
D003,2026-05-04 18:00:00,326,40.1,60.1017,57.9364
D003,2026-05-04 19:00:00,321,40.0,60.1017,57.9364
D003,2026-05-04 20:00:00,222,41.9,60.1017,57.9364
D003,2026-05-04 21:00:00,148,48.1,60.1017,57.9364
D003,2026-05-04 22:00:00,145,45.4,60.1017,57.9364
D003,2026-05-04 23:00:00,72,47.6,60.1017,57.9364
D003,2026-05-05 00:00:00,37,48.4,60.1017,57.9364
D003,2026-05-05 01:00:00,10,50.6,60.1017,57.9364
D003,2026-05-05 02:00:00,10,52.3,60.1017,57.9364
D003,2026-05-05 03:00:00,23,51.2,60.1017,57.9364
D003,2026-05-05 04:00:00,56,47.7,60.1017,57.9364
D003,2026-05-05 05:00:00,98,47.9,60.1017,57.9364
D003,2026-05-05 06:00:00,203,40.4,60.1017,57.9364
D003,2026-05-05 07:00:00,257,40.5,60.1017,57.9364
D003,2026-05-05 08:00:00,297,38.3,60.1017,57.9364
D003,2026-05-05 09:00:00,312,38.4,60.1017,57.9364
D003,2026-05-05 10:00:00,198,42.7,60.1017,57.9364
D003,2026-05-05 11:00:00,90,51.3,60.1017,57.9364
D003,2026-05-05 12:00:00,54,52.7,60.1017,57.9364
D003,2026-05-05 13:00:00,83,45.6,60.1017,57.9364
D003,2026-05-05 14:00:00,120,51.8,60.1017,57.9364
D003,2026-05-05 15:00:00,166,44.7,60.1017,57.9364
D003,2026-05-05 16:00:00,212,44.6,60.1017,57.9364
D003,2026-05-05 17:00:00,287,41.6,60.1017,57.9364
D003,2026-05-05 18:00:00,288,41.2,60.1017,57.9364
D003,2026-05-05 19:00:00,299,36.5,60.1017,57.9364
D003,2026-05-05 20:00:00,207,43.1,60.1017,57.9364
D003,2026-05-05 21:00:00,152,46.3,60.1017,57.9364
D003,2026-05-05 22:00:00,96,46.1,60.1017,57.9364
D003,2026-05-05 23:00:00,143,44.2,60.1017,57.9364
D003,2026-05-06 00:00:00,22,50.7,60.1017,57.9364
D003,2026-05-06 01:00:00,24,53.7,60.1017,57.9364
D003,2026-05-06 02:00:00,19,53.1,60.1017,57.9364
D003,2026-05-06 03:00:00,14,53.1,60.1017,57.9364
D003,2026-05-06 04:00:00,29,50.4,60.1017,57.9364
D003,2026-05-06 05:00:00,135,47.6,60.1017,57.9364
D003,2026-05-06 06:00:00,173,42.7,60.1017,57.9364
D003,2026-05-06 07:00:00,300,40.6,60.1017,57.9364
D003,2026-05-06 08:00:00,290,41.3,60.1017,57.9364
D003,2026-05-06 09:00:00,263,36.1,60.1017,57.9364
D003,2026-05-06 10:00:00,197,43.5,60.1017,57.9364
D003,2026-05-06 11:00:00,144,44.3,60.1017,57.9364
D003,2026-05-06 12:00:00,107,50.1,60.1017,57.9364
D003,2026-05-06 13:00:00,104,46.7,60.1017,57.9364
D003,2026-05-06 14:00:00,128,45.8,60.1017,57.9364
D003,2026-05-06 15:00:00,180,44.1,60.1017,57.9364
D003,2026-05-06 16:00:00,232,40.8,60.1017,57.9364
D003,2026-05-06 17:00:00,271,42.3,60.1017,57.9364
D003,2026-05-06 18:00:00,328,39.7,60.1017,57.9364
D003,2026-05-06 19:00:00,307,36.0,60.1017,57.9364
D003,2026-05-06 20:00:00,228,38.1,60.1017,57.9364
D003,2026-05-06 21:00:00,170,42.5,60.1017,57.9364
D003,2026-05-06 22:00:00,130,48.2,60.1017,57.9364
D003,2026-05-06 23:00:00,95,48.0,60.1017,57.9364
D003,2026-05-07 00:00:00,51,46.2,60.1017,57.9364
D003,2026-05-07 01:00:00,41,50.6,60.1017,57.9364
D003,2026-05-07 02:00:00,46,46.4,60.1017,57.9364
D003,2026-05-07 03:00:00,30,53.2,60.1017,57.9364
D003,2026-05-07 04:00:00,57,47.9,60.1017,57.9364
D003,2026-05-07 05:00:00,132,50.6,60.1017,57.9364
D003,2026-05-07 06:00:00,169,44.9,60.1017,57.9364
D003,2026-05-07 07:00:00,267,41.3,60.1017,57.9364
D003,2026-05-07 08:00:00,280,42.5,60.1017,57.9364
D003,2026-05-07 09:00:00,280,44.3,60.1017,57.9364
D003,2026-05-07 10:00:00,180,43.4,60.1017,57.9364
D003,2026-05-07 11:00:00,157,49.5,60.1017,57.9364
D003,2026-05-07 12:00:00,110,44.1,60.1017,57.9364
D003,2026-05-07 13:00:00,103,49.8,60.1017,57.9364
D003,2026-05-07 14:00:00,134,48.9,60.1017,57.9364
D003,2026-05-07 15:00:00,195,42.9,60.1017,57.9364
D003,2026-05-07 16:00:00,209,40.6,60.1017,57.9364
D003,2026-05-07 17:00:00,291,42.1,60.1017,57.9364
D003,2026-05-07 18:00:00,355,37.7,60.1017,57.9364
D003,2026-05-07 19:00:00,294,39.5,60.1017,57.9364
D003,2026-05-07 20:00:00,248,40.0,60.1017,57.9364
D003,2026-05-07 21:00:00,159,45.2,60.1017,57.9364
D003,2026-05-07 22:00:00,121,50.9,60.1017,57.9364
D003,2026-05-07 23:00:00,89,53.7,60.1017,57.9364
D003,2026-05-08 00:00:00,17,49.5,60.1017,57.9364
D003,2026-05-08 01:00:00,17,52.7,60.1017,57.9364
D003,2026-05-08 02:00:00,29,53.3,60.1017,57.9364
D003,2026-05-08 03:00:00,15,47.7,60.1017,57.9364
D003,2026-05-08 04:00:00,26,51.5,60.1017,57.9364
D003,2026-05-08 05:00:00,111,47.1,60.1017,57.9364
D003,2026-05-08 06:00:00,204,41.7,60.1017,57.9364
D003,2026-05-08 07:00:00,249,39.2,60.1017,57.9364
D003,2026-05-08 08:00:00,294,40.8,60.1017,57.9364
D003,2026-05-08 09:00:00,313,41.5,60.1017,57.9364
D003,2026-05-08 10:00:00,171,41.5,60.1017,57.9364
D003,2026-05-08 11:00:00,135,49.8,60.1017,57.9364
D003,2026-05-08 12:00:00,122,45.8,60.1017,57.9364
D003,2026-05-08 13:00:00,125,49.8,60.1017,57.9364
D003,2026-05-08 14:00:00,148,43.5,60.1017,57.9364
D003,2026-05-08 15:00:00,169,42.1,60.1017,57.9364
D003,2026-05-08 16:00:00,211,40.4,60.1017,57.9364
D003,2026-05-08 17:00:00,289,36.8,60.1017,57.9364
D003,2026-05-08 18:00:00,337,37.9,60.1017,57.9364
D003,2026-05-08 19:00:00,278,41.5,60.1017,57.9364
D003,2026-05-08 20:00:00,253,42.2,60.1017,57.9364
D003,2026-05-08 21:00:00,150,45.1,60.1017,57.9364
D003,2026-05-08 22:00:00,120,45.5,60.1017,57.9364
D003,2026-05-08 23:00:00,74,48.1,60.1017,57.9364
D003,2026-05-09 00:00:00,43,48.4,60.1017,57.9364
D003,2026-05-09 01:00:00,10,51.4,60.1017,57.9364
D003,2026-05-09 02:00:00,41,46.5,60.1017,57.9364
D003,2026-05-09 03:00:00,25,51.9,60.1017,57.9364
D003,2026-05-09 04:00:00,33,51.9,60.1017,57.9364
D003,2026-05-09 05:00:00,109,44.0,60.1017,57.9364
D003,2026-05-09 06:00:00,151,48.7,60.1017,57.9364
D003,2026-05-09 07:00:00,186,45.1,60.1017,57.9364
D003,2026-05-09 08:00:00,195,46.7,60.1017,57.9364
D003,2026-05-09 09:00:00,179,48.2,60.1017,57.9364
D003,2026-05-09 10:00:00,133,47.9,60.1017,57.9364
D003,2026-05-09 11:00:00,89,52.4,60.1017,57.9364
D003,2026-05-09 12:00:00,44,51.0,60.1017,57.9364
D003,2026-05-09 13:00:00,39,47.7,60.1017,57.9364
D003,2026-05-09 14:00:00,122,48.9,60.1017,57.9364
D003,2026-05-09 15:00:00,79,48.7,60.1017,57.9364
D003,2026-05-09 16:00:00,151,47.0,60.1017,57.9364
D003,2026-05-09 17:00:00,245,43.2,60.1017,57.9364
D003,2026-05-09 18:00:00,241,43.1,60.1017,57.9364
D003,2026-05-09 19:00:00,192,45.5,60.1017,57.9364
D003,2026-05-09 20:00:00,179,43.2,60.1017,57.9364
D003,2026-05-09 21:00:00,104,50.9,60.1017,57.9364
D003,2026-05-09 22:00:00,91,45.7,60.1017,57.9364
D003,2026-05-09 23:00:00,68,48.2,60.1017,57.9364
D003,2026-05-10 00:00:00,20,51.0,60.1017,57.9364
D003,2026-05-10 01:00:00,16,55.0,60.1017,57.9364
D003,2026-05-10 02:00:00,36,53.8,60.1017,57.9364
D003,2026-05-10 03:00:00,10,51.8,60.1017,57.9364
D003,2026-05-10 04:00:00,44,51.8,60.1017,57.9364
D003,2026-05-10 05:00:00,86,46.8,60.1017,57.9364
D003,2026-05-10 06:00:00,157,45.0,60.1017,57.9364
D003,2026-05-10 07:00:00,201,44.0,60.1017,57.9364
D003,2026-05-10 08:00:00,211,43.5,60.1017,57.9364
D003,2026-05-10 09:00:00,175,48.5,60.1017,57.9364
D003,2026-05-10 10:00:00,150,48.8,60.1017,57.9364
D003,2026-05-10 11:00:00,89,47.1,60.1017,57.9364
D003,2026-05-10 12:00:00,74,47.0,60.1017,57.9364
D003,2026-05-10 13:00:00,89,49.9,60.1017,57.9364
D003,2026-05-10 14:00:00,78,48.0,60.1017,57.9364
D003,2026-05-10 15:00:00,122,45.3,60.1017,57.9364
D003,2026-05-10 16:00:00,155,49.0,60.1017,57.9364
D003,2026-05-10 17:00:00,198,42.6,60.1017,57.9364
D003,2026-05-10 18:00:00,278,35.7,60.1017,57.9364
D003,2026-05-10 19:00:00,190,48.0,60.1017,57.9364
D003,2026-05-10 20:00:00,155,46.6,60.1017,57.9364
D003,2026-05-10 21:00:00,154,44.0,60.1017,57.9364
D003,2026-05-10 22:00:00,77,49.7,60.1017,57.9364
D003,2026-05-10 23:00:00,74,47.8,60.1017,57.9364
D003,2026-05-11 00:00:00,27,48.0,60.1017,57.9364
D003,2026-05-11 01:00:00,38,52.3,60.1017,57.9364
D003,2026-05-11 02:00:00,26,50.4,60.1017,57.9364
D003,2026-05-11 03:00:00,40,49.1,60.1017,57.9364
D003,2026-05-11 04:00:00,27,50.7,60.1017,57.9364
D003,2026-05-11 05:00:00,164,45.1,60.1017,57.9364
D003,2026-05-11 06:00:00,192,43.6,60.1017,57.9364
D003,2026-05-11 07:00:00,257,39.2,60.1017,57.9364
D003,2026-05-11 08:00:00,280,42.2,60.1017,57.9364
D003,2026-05-11 09:00:00,253,41.7,60.1017,57.9364
D003,2026-05-11 10:00:00,186,41.3,60.1017,57.9364
D003,2026-05-11 11:00:00,129,49.7,60.1017,57.9364
D003,2026-05-11 12:00:00,103,46.2,60.1017,57.9364
D003,2026-05-11 13:00:00,99,47.1,60.1017,57.9364
D003,2026-05-11 14:00:00,126,45.8,60.1017,57.9364
D003,2026-05-11 15:00:00,159,44.3,60.1017,57.9364
D003,2026-05-11 16:00:00,232,43.0,60.1017,57.9364
D003,2026-05-11 17:00:00,297,41.0,60.1017,57.9364
D003,2026-05-11 18:00:00,322,41.3,60.1017,57.9364
D003,2026-05-11 19:00:00,302,42.7,60.1017,57.9364
D003,2026-05-11 20:00:00,224,43.3,60.1017,57.9364
D003,2026-05-11 21:00:00,148,45.9,60.1017,57.9364
D003,2026-05-11 22:00:00,136,45.5,60.1017,57.9364
D003,2026-05-11 23:00:00,132,46.6,60.1017,57.9364
D003,2026-05-12 00:00:00,58,47.3,60.1017,57.9364
D003,2026-05-12 01:00:00,24,49.9,60.1017,57.9364
D003,2026-05-12 02:00:00,47,51.5,60.1017,57.9364
D003,2026-05-12 03:00:00,28,49.8,60.1017,57.9364
D003,2026-05-12 04:00:00,32,52.3,60.1017,57.9364
D003,2026-05-12 05:00:00,152,45.5,60.1017,57.9364
D003,2026-05-12 06:00:00,186,44.5,60.1017,57.9364
D003,2026-05-12 07:00:00,266,41.5,60.1017,57.9364
D003,2026-05-12 08:00:00,288,43.8,60.1017,57.9364
D003,2026-05-12 09:00:00,252,44.8,60.1017,57.9364
D003,2026-05-12 10:00:00,219,45.0,60.1017,57.9364
D003,2026-05-12 11:00:00,171,46.1,60.1017,57.9364
D003,2026-05-12 12:00:00,105,46.5,60.1017,57.9364
D003,2026-05-12 13:00:00,95,49.9,60.1017,57.9364
D003,2026-05-12 14:00:00,95,44.9,60.1017,57.9364
D003,2026-05-12 15:00:00,188,46.4,60.1017,57.9364
D003,2026-05-12 16:00:00,233,44.3,60.1017,57.9364
D003,2026-05-12 17:00:00,307,38.8,60.1017,57.9364
D003,2026-05-12 18:00:00,297,42.4,60.1017,57.9364
D003,2026-05-12 19:00:00,302,36.4,60.1017,57.9364
D003,2026-05-12 20:00:00,228,41.5,60.1017,57.9364
D003,2026-05-12 21:00:00,159,44.7,60.1017,57.9364
D003,2026-05-12 22:00:00,131,46.1,60.1017,57.9364
D003,2026-05-12 23:00:00,84,50.0,60.1017,57.9364
D003,2026-05-13 00:00:00,38,47.3,60.1017,57.9364
D003,2026-05-13 01:00:00,37,52.4,60.1017,57.9364
D003,2026-05-13 02:00:00,27,51.3,60.1017,57.9364
D003,2026-05-13 03:00:00,16,47.5,60.1017,57.9364
D003,2026-05-13 04:00:00,42,50.1,60.1017,57.9364
D003,2026-05-13 05:00:00,145,45.4,60.1017,57.9364
D003,2026-05-13 06:00:00,189,44.5,60.1017,57.9364
D003,2026-05-13 07:00:00,262,43.0,60.1017,57.9364
D003,2026-05-13 08:00:00,289,36.8,60.1017,57.9364
D003,2026-05-13 09:00:00,266,38.0,60.1017,57.9364
D003,2026-05-13 10:00:00,149,43.4,60.1017,57.9364
D003,2026-05-13 11:00:00,129,44.9,60.1017,57.9364
D003,2026-05-13 12:00:00,83,48.0,60.1017,57.9364
D003,2026-05-13 13:00:00,129,48.4,60.1017,57.9364
D003,2026-05-13 14:00:00,122,48.9,60.1017,57.9364
D003,2026-05-13 15:00:00,153,43.7,60.1017,57.9364
D003,2026-05-13 16:00:00,238,39.7,60.1017,57.9364
D003,2026-05-13 17:00:00,300,39.4,60.1017,57.9364
D003,2026-05-13 18:00:00,317,37.8,60.1017,57.9364
D003,2026-05-13 19:00:00,314,35.4,60.1017,57.9364
D003,2026-05-13 20:00:00,230,41.8,60.1017,57.9364
D003,2026-05-13 21:00:00,147,46.0,60.1017,57.9364
D003,2026-05-13 22:00:00,127,46.6,60.1017,57.9364
D003,2026-05-13 23:00:00,109,50.6,60.1017,57.9364
D003,2026-05-14 00:00:00,18,52.2,60.1017,57.9364
D003,2026-05-14 01:00:00,10,52.6,60.1017,57.9364
D003,2026-05-14 02:00:00,10,53.0,60.1017,57.9364
D003,2026-05-14 03:00:00,21,51.5,60.1017,57.9364
D003,2026-05-14 04:00:00,10,51.6,60.1017,57.9364
D003,2026-05-14 05:00:00,152,47.0,60.1017,57.9364
D003,2026-05-14 06:00:00,194,43.9,60.1017,57.9364
D003,2026-05-14 07:00:00,284,41.8,60.1017,57.9364
D003,2026-05-14 08:00:00,285,38.8,60.1017,57.9364
D003,2026-05-14 09:00:00,251,41.5,60.1017,57.9364
D003,2026-05-14 10:00:00,173,40.0,60.1017,57.9364
D003,2026-05-14 11:00:00,133,47.0,60.1017,57.9364
D003,2026-05-14 12:00:00,114,49.6,60.1017,57.9364
D003,2026-05-14 13:00:00,84,47.4,60.1017,57.9364
D003,2026-05-14 14:00:00,96,48.5,60.1017,57.9364
D003,2026-05-14 15:00:00,159,44.3,60.1017,57.9364
D003,2026-05-14 16:00:00,226,41.0,60.1017,57.9364
D003,2026-05-14 17:00:00,275,44.0,60.1017,57.9364
D003,2026-05-14 18:00:00,338,37.5,60.1017,57.9364
D003,2026-05-14 19:00:00,266,40.4,60.1017,57.9364
D003,2026-05-14 20:00:00,236,42.5,60.1017,57.9364
D003,2026-05-14 21:00:00,179,47.2,60.1017,57.9364
D003,2026-05-14 22:00:00,120,46.0,60.1017,57.9364
D003,2026-05-14 23:00:00,96,47.1,60.1017,57.9364
D003,2026-05-15 00:00:00,45,49.2,60.1017,57.9364
D003,2026-05-15 01:00:00,10,52.6,60.1017,57.9364
D003,2026-05-15 02:00:00,28,49.8,60.1017,57.9364
D003,2026-05-15 03:00:00,10,54.2,60.1017,57.9364
D003,2026-05-15 04:00:00,45,47.6,60.1017,57.9364
D003,2026-05-15 05:00:00,140,43.8,60.1017,57.9364
D003,2026-05-15 06:00:00,170,40.3,60.1017,57.9364
D003,2026-05-15 07:00:00,278,42.4,60.1017,57.9364
D003,2026-05-15 08:00:00,291,39.7,60.1017,57.9364
D003,2026-05-15 09:00:00,295,38.0,60.1017,57.9364
D003,2026-05-15 10:00:00,173,45.1,60.1017,57.9364
D003,2026-05-15 11:00:00,147,45.2,60.1017,57.9364
D003,2026-05-15 12:00:00,85,46.8,60.1017,57.9364
D003,2026-05-15 13:00:00,119,48.6,60.1017,57.9364
D003,2026-05-15 14:00:00,92,45.5,60.1017,57.9364
D003,2026-05-15 15:00:00,143,46.0,60.1017,57.9364
D003,2026-05-15 16:00:00,265,40.3,60.1017,57.9364
D003,2026-05-15 17:00:00,295,38.0,60.1017,57.9364
D003,2026-05-15 18:00:00,370,35.3,60.1017,57.9364
D003,2026-05-15 19:00:00,284,40.5,60.1017,57.9364
D003,2026-05-15 20:00:00,202,45.4,60.1017,57.9364
D003,2026-05-15 21:00:00,161,43.4,60.1017,57.9364
D003,2026-05-15 22:00:00,111,43.2,60.1017,57.9364
D003,2026-05-15 23:00:00,95,43.0,60.1017,57.9364
D003,2026-05-16 00:00:00,13,50.4,60.1017,57.9364
D003,2026-05-16 01:00:00,10,50.3,60.1017,57.9364
D003,2026-05-16 02:00:00,10,54.3,60.1017,57.9364
D003,2026-05-16 03:00:00,47,49.7,60.1017,57.9364
D003,2026-05-16 04:00:00,44,49.5,60.1017,57.9364
D003,2026-05-16 05:00:00,93,46.3,60.1017,57.9364
D003,2026-05-16 06:00:00,152,47.0,60.1017,57.9364
D003,2026-05-16 07:00:00,166,45.4,60.1017,57.9364
D003,2026-05-16 08:00:00,204,41.5,60.1017,57.9364
D003,2026-05-16 09:00:00,189,39.9,60.1017,57.9364
D003,2026-05-16 10:00:00,132,50.7,60.1017,57.9364
D003,2026-05-16 11:00:00,107,45.0,60.1017,57.9364
D003,2026-05-16 12:00:00,89,48.5,60.1017,57.9364
D003,2026-05-16 13:00:00,71,47.8,60.1017,57.9364
D003,2026-05-16 14:00:00,87,47.1,60.1017,57.9364
D003,2026-05-16 15:00:00,112,49.0,60.1017,57.9364
D003,2026-05-16 16:00:00,177,41.8,60.1017,57.9364
D003,2026-05-16 17:00:00,203,47.1,60.1017,57.9364
D003,2026-05-16 18:00:00,265,41.8,60.1017,57.9364
D003,2026-05-16 19:00:00,240,44.7,60.1017,57.9364
D003,2026-05-16 20:00:00,160,40.9,60.1017,57.9364
D003,2026-05-16 21:00:00,114,44.4,60.1017,57.9364
D003,2026-05-16 22:00:00,90,52.1,60.1017,57.9364
D003,2026-05-16 23:00:00,80,46.9,60.1017,57.9364
D003,2026-05-17 00:00:00,10,47.3,60.1017,57.9364
D003,2026-05-17 01:00:00,10,55.2,60.1017,57.9364
D003,2026-05-17 02:00:00,36,50.2,60.1017,57.9364
D003,2026-05-17 03:00:00,19,51.1,60.1017,57.9364
D003,2026-05-17 04:00:00,23,54.1,60.1017,57.9364
D003,2026-05-17 05:00:00,106,43.2,60.1017,57.9364
D003,2026-05-17 06:00:00,159,41.1,60.1017,57.9364
D003,2026-05-17 07:00:00,182,41.4,60.1017,57.9364
D003,2026-05-17 08:00:00,214,40.3,60.1017,57.9364
D003,2026-05-17 09:00:00,165,42.8,60.1017,57.9364
D003,2026-05-17 10:00:00,154,45.2,60.1017,57.9364
D003,2026-05-17 11:00:00,111,50.4,60.1017,57.9364
D003,2026-05-17 12:00:00,84,49.8,60.1017,57.9364
D003,2026-05-17 13:00:00,59,49.4,60.1017,57.9364
D003,2026-05-17 14:00:00,67,50.4,60.1017,57.9364
D003,2026-05-17 15:00:00,132,48.6,60.1017,57.9364
D003,2026-05-17 16:00:00,162,47.2,60.1017,57.9364
D003,2026-05-17 17:00:00,209,42.1,60.1017,57.9364
D003,2026-05-17 18:00:00,242,43.5,60.1017,57.9364
D003,2026-05-17 19:00:00,251,43.1,60.1017,57.9364
D003,2026-05-17 20:00:00,142,43.9,60.1017,57.9364
D003,2026-05-17 21:00:00,92,48.3,60.1017,57.9364
D003,2026-05-17 22:00:00,67,52.2,60.1017,57.9364
D003,2026-05-17 23:00:00,70,50.5,60.1017,57.9364
D003,2026-05-18 00:00:00,32,51.4,60.1017,57.9364
D003,2026-05-18 01:00:00,11,51.5,60.1017,57.9364
D003,2026-05-18 02:00:00,22,50.9,60.1017,57.9364
D003,2026-05-18 03:00:00,32,52.2,60.1017,57.9364
D003,2026-05-18 04:00:00,24,52.8,60.1017,57.9364
D003,2026-05-18 05:00:00,143,49.6,60.1017,57.9364
D003,2026-05-18 06:00:00,135,45.0,60.1017,57.9364
D003,2026-05-18 07:00:00,286,34.5,60.1017,57.9364
D003,2026-05-18 08:00:00,323,38.7,60.1017,57.9364
D003,2026-05-18 09:00:00,227,44.1,60.1017,57.9364
D003,2026-05-18 10:00:00,175,42.7,60.1017,57.9364
D003,2026-05-18 11:00:00,164,44.3,60.1017,57.9364
D003,2026-05-18 12:00:00,93,52.5,60.1017,57.9364
D003,2026-05-18 13:00:00,124,46.1,60.1017,57.9364
D003,2026-05-18 14:00:00,107,47.1,60.1017,57.9364
D003,2026-05-18 15:00:00,189,42.0,60.1017,57.9364
D003,2026-05-18 16:00:00,203,46.3,60.1017,57.9364
D003,2026-05-18 17:00:00,288,40.2,60.1017,57.9364
D003,2026-05-18 18:00:00,333,37.3,60.1017,57.9364
D003,2026-05-18 19:00:00,250,41.1,60.1017,57.9364
D003,2026-05-18 20:00:00,248,46.4,60.1017,57.9364
D003,2026-05-18 21:00:00,159,45.3,60.1017,57.9364
D003,2026-05-18 22:00:00,146,47.2,60.1017,57.9364
D003,2026-05-18 23:00:00,110,43.1,60.1017,57.9364
D003,2026-05-19 00:00:00,22,51.6,60.1017,57.9364
D003,2026-05-19 01:00:00,10,50.8,60.1017,57.9364
D003,2026-05-19 02:00:00,60,48.9,60.1017,57.9364
D003,2026-05-19 03:00:00,10,47.4,60.1017,57.9364
D003,2026-05-19 04:00:00,32,49.4,60.1017,57.9364
D003,2026-05-19 05:00:00,121,47.5,60.1017,57.9364
D003,2026-05-19 06:00:00,199,44.1,60.1017,57.9364
D003,2026-05-19 07:00:00,270,38.0,60.1017,57.9364
D003,2026-05-19 08:00:00,285,39.4,60.1017,57.9364
D003,2026-05-19 09:00:00,263,43.2,60.1017,57.9364
D003,2026-05-19 10:00:00,181,42.7,60.1017,57.9364
D003,2026-05-19 11:00:00,164,45.5,60.1017,57.9364
D003,2026-05-19 12:00:00,85,47.8,60.1017,57.9364
D003,2026-05-19 13:00:00,85,46.0,60.1017,57.9364
D003,2026-05-19 14:00:00,98,46.2,60.1017,57.9364
D003,2026-05-19 15:00:00,198,46.0,60.1017,57.9364
D003,2026-05-19 16:00:00,250,44.0,60.1017,57.9364
D003,2026-05-19 17:00:00,291,40.8,60.1017,57.9364
D003,2026-05-19 18:00:00,325,36.1,60.1017,57.9364
D003,2026-05-19 19:00:00,273,42.6,60.1017,57.9364
D003,2026-05-19 20:00:00,204,43.9,60.1017,57.9364
D003,2026-05-19 21:00:00,172,46.5,60.1017,57.9364
D003,2026-05-19 22:00:00,128,44.0,60.1017,57.9364
D003,2026-05-19 23:00:00,115,46.9,60.1017,57.9364
D003,2026-05-20 00:00:00,12,47.1,60.1017,57.9364
D003,2026-05-20 01:00:00,37,47.0,60.1017,57.9364
D003,2026-05-20 02:00:00,10,55.4,60.1017,57.9364
D003,2026-05-20 03:00:00,10,50.7,60.1017,57.9364
D003,2026-05-20 04:00:00,34,50.7,60.1017,57.9364
D003,2026-05-20 05:00:00,119,45.5,60.1017,57.9364
D003,2026-05-20 06:00:00,209,42.7,60.1017,57.9364
D003,2026-05-20 07:00:00,263,36.3,60.1017,57.9364
D003,2026-05-20 08:00:00,286,42.0,60.1017,57.9364
D003,2026-05-20 09:00:00,250,39.5,60.1017,57.9364
D003,2026-05-20 10:00:00,201,44.9,60.1017,57.9364
D003,2026-05-20 11:00:00,143,44.8,60.1017,57.9364
D003,2026-05-20 12:00:00,124,50.4,60.1017,57.9364
D003,2026-05-20 13:00:00,128,43.2,60.1017,57.9364
D003,2026-05-20 14:00:00,174,41.8,60.1017,57.9364
D003,2026-05-20 15:00:00,139,46.9,60.1017,57.9364
D003,2026-05-20 16:00:00,224,43.5,60.1017,57.9364
D003,2026-05-20 17:00:00,317,40.8,60.1017,57.9364
D003,2026-05-20 18:00:00,307,39.4,60.1017,57.9364
D003,2026-05-20 19:00:00,312,41.3,60.1017,57.9364
D003,2026-05-20 20:00:00,246,43.5,60.1017,57.9364
D003,2026-05-20 21:00:00,173,43.7,60.1017,57.9364
D003,2026-05-20 22:00:00,98,48.8,60.1017,57.9364
D003,2026-05-20 23:00:00,97,50.7,60.1017,57.9364
D003,2026-05-21 00:00:00,13,50.6,60.1017,57.9364
D003,2026-05-21 01:00:00,22,53.2,60.1017,57.9364
D003,2026-05-21 02:00:00,43,50.3,60.1017,57.9364
D003,2026-05-21 03:00:00,35,54.1,60.1017,57.9364
D003,2026-05-21 04:00:00,10,53.2,60.1017,57.9364
D003,2026-05-21 05:00:00,156,48.2,60.1017,57.9364
D003,2026-05-21 06:00:00,209,41.6,60.1017,57.9364
D003,2026-05-21 07:00:00,254,42.9,60.1017,57.9364
D003,2026-05-21 08:00:00,286,39.6,60.1017,57.9364
D003,2026-05-21 09:00:00,236,39.5,60.1017,57.9364
D003,2026-05-21 10:00:00,200,42.7,60.1017,57.9364
D003,2026-05-21 11:00:00,124,46.4,60.1017,57.9364
D003,2026-05-21 12:00:00,116,46.6,60.1017,57.9364
D003,2026-05-21 13:00:00,110,47.6,60.1017,57.9364
D003,2026-05-21 14:00:00,117,47.1,60.1017,57.9364
D003,2026-05-21 15:00:00,145,44.9,60.1017,57.9364
D003,2026-05-21 16:00:00,192,41.4,60.1017,57.9364
D003,2026-05-21 17:00:00,272,39.8,60.1017,57.9364
D003,2026-05-21 18:00:00,344,37.6,60.1017,57.9364
D003,2026-05-21 19:00:00,296,37.6,60.1017,57.9364
D003,2026-05-21 20:00:00,231,46.1,60.1017,57.9364
D003,2026-05-21 21:00:00,159,43.6,60.1017,57.9364
D003,2026-05-21 22:00:00,100,48.4,60.1017,57.9364
D003,2026-05-21 23:00:00,88,49.9,60.1017,57.9364
D003,2026-05-22 00:00:00,11,47.9,60.1017,57.9364
D003,2026-05-22 01:00:00,38,47.6,60.1017,57.9364
D003,2026-05-22 02:00:00,40,52.6,60.1017,57.9364
D003,2026-05-22 03:00:00,19,51.7,60.1017,57.9364
D003,2026-05-22 04:00:00,57,48.6,60.1017,57.9364
D003,2026-05-22 05:00:00,166,44.4,60.1017,57.9364
D003,2026-05-22 06:00:00,177,44.8,60.1017,57.9364
D003,2026-05-22 07:00:00,268,43.3,60.1017,57.9364
D003,2026-05-22 08:00:00,312,39.8,60.1017,57.9364
D003,2026-05-22 09:00:00,275,40.9,60.1017,57.9364
D003,2026-05-22 10:00:00,208,42.2,60.1017,57.9364
D003,2026-05-22 11:00:00,118,47.5,60.1017,57.9364
D003,2026-05-22 12:00:00,159,47.2,60.1017,57.9364
D003,2026-05-22 13:00:00,94,51.1,60.1017,57.9364
D003,2026-05-22 14:00:00,88,47.8,60.1017,57.9364
D003,2026-05-22 15:00:00,168,43.5,60.1017,57.9364
D003,2026-05-22 16:00:00,215,42.7,60.1017,57.9364
D003,2026-05-22 17:00:00,284,38.4,60.1017,57.9364
D003,2026-05-22 18:00:00,304,35.9,60.1017,57.9364
D003,2026-05-22 19:00:00,276,40.3,60.1017,57.9364
D003,2026-05-22 20:00:00,244,40.4,60.1017,57.9364
D003,2026-05-22 21:00:00,139,49.7,60.1017,57.9364
D003,2026-05-22 22:00:00,101,48.0,60.1017,57.9364
D003,2026-05-22 23:00:00,88,46.8,60.1017,57.9364
D003,2026-05-23 00:00:00,28,51.8,60.1017,57.9364
D003,2026-05-23 01:00:00,44,51.6,60.1017,57.9364
D003,2026-05-23 02:00:00,24,52.4,60.1017,57.9364
D003,2026-05-23 03:00:00,10,54.2,60.1017,57.9364
D003,2026-05-23 04:00:00,33,51.7,60.1017,57.9364
D003,2026-05-23 05:00:00,109,44.2,60.1017,57.9364
D003,2026-05-23 06:00:00,119,47.3,60.1017,57.9364
D003,2026-05-23 07:00:00,192,45.3,60.1017,57.9364
D003,2026-05-23 08:00:00,215,42.6,60.1017,57.9364
D003,2026-05-23 09:00:00,212,43.9,60.1017,57.9364
D003,2026-05-23 10:00:00,153,48.3,60.1017,57.9364
D003,2026-05-23 11:00:00,121,47.7,60.1017,57.9364
D003,2026-05-23 12:00:00,93,48.7,60.1017,57.9364
D003,2026-05-23 13:00:00,96,53.0,60.1017,57.9364
D003,2026-05-23 14:00:00,69,47.5,60.1017,57.9364
D003,2026-05-23 15:00:00,144,46.4,60.1017,57.9364
D003,2026-05-23 16:00:00,155,44.0,60.1017,57.9364
D003,2026-05-23 17:00:00,228,43.7,60.1017,57.9364
D003,2026-05-23 18:00:00,269,40.6,60.1017,57.9364
D003,2026-05-23 19:00:00,227,46.2,60.1017,57.9364
D003,2026-05-23 20:00:00,136,44.0,60.1017,57.9364
D003,2026-05-23 21:00:00,120,45.7,60.1017,57.9364
D003,2026-05-23 22:00:00,80,47.2,60.1017,57.9364
D003,2026-05-23 23:00:00,73,47.0,60.1017,57.9364
D003,2026-05-24 00:00:00,10,52.4,60.1017,57.9364
D003,2026-05-24 01:00:00,23,53.2,60.1017,57.9364
D003,2026-05-24 02:00:00,30,51.7,60.1017,57.9364
D003,2026-05-24 03:00:00,35,48.5,60.1017,57.9364
D003,2026-05-24 04:00:00,14,52.0,60.1017,57.9364
D003,2026-05-24 05:00:00,115,48.6,60.1017,57.9364
D003,2026-05-24 06:00:00,136,45.9,60.1017,57.9364
D003,2026-05-24 07:00:00,194,41.4,60.1017,57.9364
D003,2026-05-24 08:00:00,229,44.2,60.1017,57.9364
D003,2026-05-24 09:00:00,206,45.6,60.1017,57.9364
D003,2026-05-24 10:00:00,158,41.3,60.1017,57.9364
D003,2026-05-24 11:00:00,103,44.6,60.1017,57.9364
D003,2026-05-24 12:00:00,62,49.1,60.1017,57.9364
D003,2026-05-24 13:00:00,98,48.6,60.1017,57.9364
D003,2026-05-24 14:00:00,92,52.1,60.1017,57.9364
D003,2026-05-24 15:00:00,120,44.9,60.1017,57.9364
D003,2026-05-24 16:00:00,137,44.4,60.1017,57.9364
D003,2026-05-24 17:00:00,213,39.7,60.1017,57.9364
D003,2026-05-24 18:00:00,241,42.6,60.1017,57.9364
D003,2026-05-24 19:00:00,198,44.0,60.1017,57.9364
D003,2026-05-24 20:00:00,172,43.4,60.1017,57.9364
D003,2026-05-24 21:00:00,129,45.0,60.1017,57.9364
D003,2026-05-24 22:00:00,98,51.1,60.1017,57.9364
D003,2026-05-24 23:00:00,81,45.8,60.1017,57.9364
D003,2026-05-25 00:00:00,31,50.9,60.1017,57.9364
D003,2026-05-25 01:00:00,14,48.6,60.1017,57.9364
D003,2026-05-25 02:00:00,22,53.0,60.1017,57.9364
D003,2026-05-25 03:00:00,45,52.8,60.1017,57.9364
D003,2026-05-25 04:00:00,32,55.0,60.1017,57.9364
D003,2026-05-25 05:00:00,122,47.9,60.1017,57.9364
D003,2026-05-25 06:00:00,190,47.4,60.1017,57.9364
D003,2026-05-25 07:00:00,264,38.7,60.1017,57.9364
D003,2026-05-25 08:00:00,301,37.0,60.1017,57.9364
D003,2026-05-25 09:00:00,248,43.7,60.1017,57.9364
D003,2026-05-25 10:00:00,194,45.8,60.1017,57.9364
D003,2026-05-25 11:00:00,122,49.8,60.1017,57.9364
D003,2026-05-25 12:00:00,107,43.2,60.1017,57.9364
D003,2026-05-25 13:00:00,91,45.1,60.1017,57.9364
D003,2026-05-25 14:00:00,95,49.2,60.1017,57.9364
D003,2026-05-25 15:00:00,167,46.3,60.1017,57.9364
D003,2026-05-25 16:00:00,212,44.3,60.1017,57.9364
D003,2026-05-25 17:00:00,267,39.8,60.1017,57.9364
D003,2026-05-25 18:00:00,321,37.4,60.1017,57.9364
D003,2026-05-25 19:00:00,295,39.7,60.1017,57.9364
D003,2026-05-25 20:00:00,234,42.9,60.1017,57.9364
D003,2026-05-25 21:00:00,178,43.5,60.1017,57.9364
D003,2026-05-25 22:00:00,133,47.1,60.1017,57.9364
D003,2026-05-25 23:00:00,109,47.8,60.1017,57.9364
D003,2026-05-26 00:00:00,10,55.8,60.1017,57.9364
D003,2026-05-26 01:00:00,13,49.7,60.1017,57.9364
D003,2026-05-26 02:00:00,23,48.2,60.1017,57.9364
D003,2026-05-26 03:00:00,61,48.1,60.1017,57.9364
D003,2026-05-26 04:00:00,20,49.3,60.1017,57.9364
D003,2026-05-26 05:00:00,145,49.0,60.1017,57.9364
D003,2026-05-26 06:00:00,199,42.0,60.1017,57.9364
D003,2026-05-26 07:00:00,287,40.7,60.1017,57.9364
D003,2026-05-26 08:00:00,283,40.0,60.1017,57.9364
D003,2026-05-26 09:00:00,266,41.4,60.1017,57.9364
D003,2026-05-26 10:00:00,194,44.0,60.1017,57.9364
D003,2026-05-26 11:00:00,171,51.1,60.1017,57.9364
D003,2026-05-26 12:00:00,114,45.2,60.1017,57.9364
D003,2026-05-26 13:00:00,88,50.1,60.1017,57.9364
D003,2026-05-26 14:00:00,92,47.8,60.1017,57.9364
D003,2026-05-26 15:00:00,168,45.4,60.1017,57.9364
D003,2026-05-26 16:00:00,218,47.0,60.1017,57.9364
D003,2026-05-26 17:00:00,308,38.1,60.1017,57.9364
D003,2026-05-26 18:00:00,338,37.5,60.1017,57.9364
D003,2026-05-26 19:00:00,284,39.3,60.1017,57.9364
D003,2026-05-26 20:00:00,247,40.5,60.1017,57.9364
D003,2026-05-26 21:00:00,159,47.6,60.1017,57.9364
D003,2026-05-26 22:00:00,127,47.2,60.1017,57.9364
D003,2026-05-26 23:00:00,93,53.3,60.1017,57.9364
D003,2026-05-27 00:00:00,44,45.0,60.1017,57.9364
D003,2026-05-27 01:00:00,53,47.0,60.1017,57.9364
D003,2026-05-27 02:00:00,10,50.0,60.1017,57.9364
D003,2026-05-27 03:00:00,52,49.2,60.1017,57.9364
D003,2026-05-27 04:00:00,36,46.8,60.1017,57.9364
D003,2026-05-27 05:00:00,156,44.9,60.1017,57.9364
D003,2026-05-27 06:00:00,171,45.6,60.1017,57.9364
D003,2026-05-27 07:00:00,272,40.9,60.1017,57.9364
D003,2026-05-27 08:00:00,320,40.0,60.1017,57.9364
D003,2026-05-27 09:00:00,291,39.8,60.1017,57.9364
D003,2026-05-27 10:00:00,196,45.7,60.1017,57.9364
D003,2026-05-27 11:00:00,158,44.7,60.1017,57.9364
D003,2026-05-27 12:00:00,145,46.2,60.1017,57.9364
D003,2026-05-27 13:00:00,107,48.5,60.1017,57.9364
D003,2026-05-27 14:00:00,106,44.0,60.1017,57.9364
D003,2026-05-27 15:00:00,198,46.1,60.1017,57.9364
D003,2026-05-27 16:00:00,209,43.6,60.1017,57.9364
D003,2026-05-27 17:00:00,305,38.2,60.1017,57.9364
D003,2026-05-27 18:00:00,349,36.4,60.1017,57.9364
D003,2026-05-27 19:00:00,311,37.7,60.1017,57.9364
D003,2026-05-27 20:00:00,235,45.6,60.1017,57.9364
D003,2026-05-27 21:00:00,169,43.9,60.1017,57.9364
D003,2026-05-27 22:00:00,125,48.4,60.1017,57.9364
D003,2026-05-27 23:00:00,97,47.1,60.1017,57.9364
D003,2026-05-28 00:00:00,61,52.5,60.1017,57.9364
D003,2026-05-28 01:00:00,17,48.4,60.1017,57.9364
D003,2026-05-28 02:00:00,10,49.1,60.1017,57.9364
D003,2026-05-28 03:00:00,25,50.8,60.1017,57.9364
D003,2026-05-28 04:00:00,10,51.9,60.1017,57.9364
D003,2026-05-28 05:00:00,85,48.8,60.1017,57.9364
D003,2026-05-28 06:00:00,223,40.0,60.1017,57.9364
D003,2026-05-28 07:00:00,212,43.5,60.1017,57.9364
D003,2026-05-28 08:00:00,309,38.2,60.1017,57.9364
D003,2026-05-28 09:00:00,268,43.7,60.1017,57.9364
D003,2026-05-28 10:00:00,225,43.9,60.1017,57.9364
D003,2026-05-28 11:00:00,115,47.6,60.1017,57.9364
D003,2026-05-28 12:00:00,93,48.1,60.1017,57.9364
D003,2026-05-28 13:00:00,103,46.5,60.1017,57.9364
D003,2026-05-28 14:00:00,149,45.3,60.1017,57.9364
D003,2026-05-28 15:00:00,134,47.3,60.1017,57.9364
D003,2026-05-28 16:00:00,238,42.2,60.1017,57.9364
D003,2026-05-28 17:00:00,280,39.4,60.1017,57.9364
D003,2026-05-28 18:00:00,313,37.8,60.1017,57.9364
D003,2026-05-28 19:00:00,281,39.8,60.1017,57.9364
D003,2026-05-28 20:00:00,201,44.2,60.1017,57.9364
D003,2026-05-28 21:00:00,147,47.8,60.1017,57.9364
D003,2026-05-28 22:00:00,128,50.0,60.1017,57.9364
D003,2026-05-28 23:00:00,80,51.8,60.1017,57.9364
D003,2026-05-29 00:00:00,27,52.2,60.1017,57.9364
D003,2026-05-29 01:00:00,45,52.2,60.1017,57.9364
D003,2026-05-29 02:00:00,30,51.8,60.1017,57.9364
D003,2026-05-29 03:00:00,28,52.4,60.1017,57.9364
D003,2026-05-29 04:00:00,16,52.2,60.1017,57.9364
D003,2026-05-29 05:00:00,165,49.5,60.1017,57.9364
D003,2026-05-29 06:00:00,213,46.3,60.1017,57.9364
D003,2026-05-29 07:00:00,273,42.9,60.1017,57.9364
D003,2026-05-29 08:00:00,332,38.0,60.1017,57.9364
D003,2026-05-29 09:00:00,235,41.8,60.1017,57.9364
D003,2026-05-29 10:00:00,198,41.9,60.1017,57.9364
D003,2026-05-29 11:00:00,116,46.1,60.1017,57.9364
D003,2026-05-29 12:00:00,88,50.3,60.1017,57.9364
D003,2026-05-29 13:00:00,138,47.7,60.1017,57.9364
D003,2026-05-29 14:00:00,97,48.4,60.1017,57.9364
D003,2026-05-29 15:00:00,145,46.6,60.1017,57.9364
D003,2026-05-29 16:00:00,211,45.4,60.1017,57.9364
D003,2026-05-29 17:00:00,306,38.5,60.1017,57.9364
D003,2026-05-29 18:00:00,333,38.3,60.1017,57.9364
D003,2026-05-29 19:00:00,325,34.3,60.1017,57.9364
D003,2026-05-29 20:00:00,233,45.0,60.1017,57.9364
D003,2026-05-29 21:00:00,154,44.5,60.1017,57.9364
D003,2026-05-29 22:00:00,125,44.8,60.1017,57.9364
D003,2026-05-29 23:00:00,95,45.8,60.1017,57.9364
D003,2026-05-30 00:00:00,18,46.6,60.1017,57.9364
D003,2026-05-30 01:00:00,10,52.8,60.1017,57.9364
D003,2026-05-30 02:00:00,14,50.5,60.1017,57.9364
D003,2026-05-30 03:00:00,38,53.9,60.1017,57.9364
D003,2026-05-30 04:00:00,10,54.2,60.1017,57.9364
D003,2026-05-30 05:00:00,67,47.3,60.1017,57.9364
D003,2026-05-30 06:00:00,149,46.4,60.1017,57.9364
D003,2026-05-30 07:00:00,192,45.9,60.1017,57.9364
D003,2026-05-30 08:00:00,210,44.9,60.1017,57.9364
D003,2026-05-30 09:00:00,181,43.1,60.1017,57.9364
D003,2026-05-30 10:00:00,106,49.1,60.1017,57.9364
D003,2026-05-30 11:00:00,83,50.8,60.1017,57.9364
D003,2026-05-30 12:00:00,98,47.4,60.1017,57.9364
D003,2026-05-30 13:00:00,78,49.2,60.1017,57.9364
D003,2026-05-30 14:00:00,84,45.3,60.1017,57.9364
D003,2026-05-30 15:00:00,142,44.8,60.1017,57.9364
D003,2026-05-30 16:00:00,172,45.5,60.1017,57.9364
D003,2026-05-30 17:00:00,216,43.5,60.1017,57.9364
D003,2026-05-30 18:00:00,249,39.7,60.1017,57.9364
D003,2026-05-30 19:00:00,229,42.8,60.1017,57.9364
D003,2026-05-30 20:00:00,163,44.3,60.1017,57.9364
D003,2026-05-30 21:00:00,115,48.5,60.1017,57.9364
D003,2026-05-30 22:00:00,66,45.5,60.1017,57.9364
D003,2026-05-30 23:00:00,70,50.6,60.1017,57.9364
D004,2026-05-01 00:00:00,44,42.9,60.1492,57.948
D004,2026-05-01 01:00:00,72,42.3,60.1492,57.948
D004,2026-05-01 02:00:00,75,39.7,60.1492,57.948
D004,2026-05-01 03:00:00,60,38.0,60.1492,57.948
D004,2026-05-01 04:00:00,10,41.6,60.1492,57.948
D004,2026-05-01 05:00:00,215,35.2,60.1492,57.948
D004,2026-05-01 06:00:00,279,36.0,60.1492,57.948
D004,2026-05-01 07:00:00,436,28.8,60.1492,57.948
D004,2026-05-01 08:00:00,474,27.4,60.1492,57.948
D004,2026-05-01 09:00:00,424,28.3,60.1492,57.948
D004,2026-05-01 10:00:00,299,33.1,60.1492,57.948
D004,2026-05-01 11:00:00,223,37.3,60.1492,57.948
D004,2026-05-01 12:00:00,153,36.2,60.1492,57.948
D004,2026-05-01 13:00:00,163,37.7,60.1492,57.948
D004,2026-05-01 14:00:00,202,37.8,60.1492,57.948
D004,2026-05-01 15:00:00,301,33.5,60.1492,57.948
D004,2026-05-01 16:00:00,386,29.7,60.1492,57.948
D004,2026-05-01 17:00:00,487,28.9,60.1492,57.948
D004,2026-05-01 18:00:00,578,24.0,60.1492,57.948
D004,2026-05-01 19:00:00,487,28.9,60.1492,57.948
D004,2026-05-01 20:00:00,363,32.7,60.1492,57.948
D004,2026-05-01 21:00:00,268,34.6,60.1492,57.948
D004,2026-05-01 22:00:00,190,37.9,60.1492,57.948
D004,2026-05-01 23:00:00,158,36.2,60.1492,57.948
D004,2026-05-02 00:00:00,50,42.8,60.1492,57.948
D004,2026-05-02 01:00:00,22,41.8,60.1492,57.948
D004,2026-05-02 02:00:00,34,42.4,60.1492,57.948
D004,2026-05-02 03:00:00,38,43.8,60.1492,57.948
D004,2026-05-02 04:00:00,67,37.2,60.1492,57.948
D004,2026-05-02 05:00:00,159,35.4,60.1492,57.948
D004,2026-05-02 06:00:00,232,31.2,60.1492,57.948
D004,2026-05-02 07:00:00,286,36.1,60.1492,57.948
D004,2026-05-02 08:00:00,362,33.6,60.1492,57.948
D004,2026-05-02 09:00:00,300,31.2,60.1492,57.948
D004,2026-05-02 10:00:00,230,38.3,60.1492,57.948
D004,2026-05-02 11:00:00,166,37.3,60.1492,57.948
D004,2026-05-02 12:00:00,154,38.0,60.1492,57.948
D004,2026-05-02 13:00:00,132,38.6,60.1492,57.948
D004,2026-05-02 14:00:00,143,40.9,60.1492,57.948
D004,2026-05-02 15:00:00,191,34.6,60.1492,57.948
D004,2026-05-02 16:00:00,283,36.0,60.1492,57.948
D004,2026-05-02 17:00:00,344,34.0,60.1492,57.948
D004,2026-05-02 18:00:00,408,23.4,60.1492,57.948
D004,2026-05-02 19:00:00,321,33.9,60.1492,57.948
D004,2026-05-02 20:00:00,254,38.4,60.1492,57.948
D004,2026-05-02 21:00:00,199,35.8,60.1492,57.948
D004,2026-05-02 22:00:00,147,36.5,60.1492,57.948
D004,2026-05-02 23:00:00,114,38.4,60.1492,57.948
D004,2026-05-03 00:00:00,53,36.3,60.1492,57.948
D004,2026-05-03 01:00:00,39,39.0,60.1492,57.948
D004,2026-05-03 02:00:00,37,38.4,60.1492,57.948
D004,2026-05-03 03:00:00,38,37.7,60.1492,57.948
D004,2026-05-03 04:00:00,39,39.5,60.1492,57.948
D004,2026-05-03 05:00:00,135,38.5,60.1492,57.948
D004,2026-05-03 06:00:00,183,35.6,60.1492,57.948
D004,2026-05-03 07:00:00,290,34.3,60.1492,57.948
D004,2026-05-03 08:00:00,350,34.0,60.1492,57.948
D004,2026-05-03 09:00:00,313,32.7,60.1492,57.948
D004,2026-05-03 10:00:00,253,33.7,60.1492,57.948
D004,2026-05-03 11:00:00,164,40.0,60.1492,57.948
D004,2026-05-03 12:00:00,145,41.7,60.1492,57.948
D004,2026-05-03 13:00:00,137,36.4,60.1492,57.948
D004,2026-05-03 14:00:00,165,38.9,60.1492,57.948
D004,2026-05-03 15:00:00,188,37.5,60.1492,57.948
D004,2026-05-03 16:00:00,269,35.4,60.1492,57.948
D004,2026-05-03 17:00:00,353,31.9,60.1492,57.948
D004,2026-05-03 18:00:00,419,31.5,60.1492,57.948
D004,2026-05-03 19:00:00,328,33.3,60.1492,57.948
D004,2026-05-03 20:00:00,265,35.1,60.1492,57.948
D004,2026-05-03 21:00:00,197,36.9,60.1492,57.948
D004,2026-05-03 22:00:00,115,34.7,60.1492,57.948
D004,2026-05-03 23:00:00,151,37.2,60.1492,57.948
D004,2026-05-04 00:00:00,73,40.3,60.1492,57.948
D004,2026-05-04 01:00:00,39,36.3,60.1492,57.948
D004,2026-05-04 02:00:00,58,40.7,60.1492,57.948
D004,2026-05-04 03:00:00,82,38.5,60.1492,57.948
D004,2026-05-04 04:00:00,56,35.6,60.1492,57.948
D004,2026-05-04 05:00:00,218,36.1,60.1492,57.948
D004,2026-05-04 06:00:00,318,31.1,60.1492,57.948
D004,2026-05-04 07:00:00,465,32.9,60.1492,57.948
D004,2026-05-04 08:00:00,475,29.3,60.1492,57.948
D004,2026-05-04 09:00:00,432,33.5,60.1492,57.948
D004,2026-05-04 10:00:00,328,34.1,60.1492,57.948
D004,2026-05-04 11:00:00,212,38.6,60.1492,57.948
D004,2026-05-04 12:00:00,179,40.6,60.1492,57.948
D004,2026-05-04 13:00:00,198,34.6,60.1492,57.948
D004,2026-05-04 14:00:00,213,36.2,60.1492,57.948
D004,2026-05-04 15:00:00,264,36.0,60.1492,57.948
D004,2026-05-04 16:00:00,376,31.7,60.1492,57.948
D004,2026-05-04 17:00:00,478,27.4,60.1492,57.948
D004,2026-05-04 18:00:00,541,27.9,60.1492,57.948
D004,2026-05-04 19:00:00,509,25.3,60.1492,57.948
D004,2026-05-04 20:00:00,378,35.1,60.1492,57.948
D004,2026-05-04 21:00:00,256,32.3,60.1492,57.948
D004,2026-05-04 22:00:00,186,38.1,60.1492,57.948
D004,2026-05-04 23:00:00,152,37.2,60.1492,57.948
D004,2026-05-05 00:00:00,37,38.8,60.1492,57.948
D004,2026-05-05 01:00:00,44,39.1,60.1492,57.948
D004,2026-05-05 02:00:00,43,39.8,60.1492,57.948
D004,2026-05-05 03:00:00,55,38.6,60.1492,57.948
D004,2026-05-05 04:00:00,63,38.4,60.1492,57.948
D004,2026-05-05 05:00:00,221,35.6,60.1492,57.948
D004,2026-05-05 06:00:00,293,31.9,60.1492,57.948
D004,2026-05-05 07:00:00,428,28.0,60.1492,57.948
D004,2026-05-05 08:00:00,490,27.1,60.1492,57.948
D004,2026-05-05 09:00:00,423,32.7,60.1492,57.948
D004,2026-05-05 10:00:00,361,34.2,60.1492,57.948
D004,2026-05-05 11:00:00,234,37.6,60.1492,57.948
D004,2026-05-05 12:00:00,190,35.7,60.1492,57.948
D004,2026-05-05 13:00:00,181,35.7,60.1492,57.948
D004,2026-05-05 14:00:00,163,35.1,60.1492,57.948
D004,2026-05-05 15:00:00,253,35.7,60.1492,57.948
D004,2026-05-05 16:00:00,368,27.8,60.1492,57.948
D004,2026-05-05 17:00:00,489,29.4,60.1492,57.948
D004,2026-05-05 18:00:00,553,28.0,60.1492,57.948
D004,2026-05-05 19:00:00,533,25.8,60.1492,57.948
D004,2026-05-05 20:00:00,400,33.0,60.1492,57.948
D004,2026-05-05 21:00:00,257,34.3,60.1492,57.948
D004,2026-05-05 22:00:00,189,36.0,60.1492,57.948
D004,2026-05-05 23:00:00,167,35.8,60.1492,57.948
D004,2026-05-06 00:00:00,49,37.5,60.1492,57.948
D004,2026-05-06 01:00:00,69,41.2,60.1492,57.948
D004,2026-05-06 02:00:00,37,42.0,60.1492,57.948
D004,2026-05-06 03:00:00,31,36.3,60.1492,57.948
D004,2026-05-06 04:00:00,60,40.7,60.1492,57.948
D004,2026-05-06 05:00:00,215,36.8,60.1492,57.948
D004,2026-05-06 06:00:00,359,38.7,60.1492,57.948
D004,2026-05-06 07:00:00,424,31.1,60.1492,57.948
D004,2026-05-06 08:00:00,472,35.4,60.1492,57.948
D004,2026-05-06 09:00:00,432,32.1,60.1492,57.948
D004,2026-05-06 10:00:00,326,30.5,60.1492,57.948
D004,2026-05-06 11:00:00,225,32.4,60.1492,57.948
D004,2026-05-06 12:00:00,173,36.1,60.1492,57.948
D004,2026-05-06 13:00:00,183,31.4,60.1492,57.948
D004,2026-05-06 14:00:00,202,41.6,60.1492,57.948
D004,2026-05-06 15:00:00,251,35.4,60.1492,57.948
D004,2026-05-06 16:00:00,369,25.6,60.1492,57.948
D004,2026-05-06 17:00:00,472,27.7,60.1492,57.948
D004,2026-05-06 18:00:00,555,27.0,60.1492,57.948
D004,2026-05-06 19:00:00,486,30.3,60.1492,57.948
D004,2026-05-06 20:00:00,379,31.2,60.1492,57.948
D004,2026-05-06 21:00:00,280,31.0,60.1492,57.948
D004,2026-05-06 22:00:00,199,38.8,60.1492,57.948
D004,2026-05-06 23:00:00,137,35.8,60.1492,57.948
D004,2026-05-07 00:00:00,52,40.2,60.1492,57.948
D004,2026-05-07 01:00:00,43,40.9,60.1492,57.948
D004,2026-05-07 02:00:00,33,42.3,60.1492,57.948
D004,2026-05-07 03:00:00,54,43.6,60.1492,57.948
D004,2026-05-07 04:00:00,70,40.5,60.1492,57.948
D004,2026-05-07 05:00:00,254,32.9,60.1492,57.948
D004,2026-05-07 06:00:00,319,29.2,60.1492,57.948
D004,2026-05-07 07:00:00,455,33.3,60.1492,57.948
D004,2026-05-07 08:00:00,486,26.2,60.1492,57.948
D004,2026-05-07 09:00:00,460,27.9,60.1492,57.948
D004,2026-05-07 10:00:00,315,36.5,60.1492,57.948
D004,2026-05-07 11:00:00,223,35.0,60.1492,57.948
D004,2026-05-07 12:00:00,214,36.9,60.1492,57.948
D004,2026-05-07 13:00:00,159,40.3,60.1492,57.948
D004,2026-05-07 14:00:00,172,38.9,60.1492,57.948
D004,2026-05-07 15:00:00,277,32.9,60.1492,57.948
D004,2026-05-07 16:00:00,362,29.5,60.1492,57.948
D004,2026-05-07 17:00:00,521,28.2,60.1492,57.948
D004,2026-05-07 18:00:00,528,29.1,60.1492,57.948
D004,2026-05-07 19:00:00,511,28.9,60.1492,57.948
D004,2026-05-07 20:00:00,389,33.4,60.1492,57.948
D004,2026-05-07 21:00:00,269,35.0,60.1492,57.948
D004,2026-05-07 22:00:00,201,33.8,60.1492,57.948
D004,2026-05-07 23:00:00,152,38.2,60.1492,57.948
D004,2026-05-08 00:00:00,36,40.1,60.1492,57.948
D004,2026-05-08 01:00:00,45,42.0,60.1492,57.948
D004,2026-05-08 02:00:00,54,40.3,60.1492,57.948
D004,2026-05-08 03:00:00,45,39.6,60.1492,57.948
D004,2026-05-08 04:00:00,48,40.3,60.1492,57.948
D004,2026-05-08 05:00:00,198,36.0,60.1492,57.948
D004,2026-05-08 06:00:00,331,33.6,60.1492,57.948
D004,2026-05-08 07:00:00,420,29.6,60.1492,57.948
D004,2026-05-08 08:00:00,488,27.6,60.1492,57.948
D004,2026-05-08 09:00:00,418,28.2,60.1492,57.948
D004,2026-05-08 10:00:00,324,33.7,60.1492,57.948
D004,2026-05-08 11:00:00,232,33.3,60.1492,57.948
D004,2026-05-08 12:00:00,192,35.8,60.1492,57.948
D004,2026-05-08 13:00:00,170,34.7,60.1492,57.948
D004,2026-05-08 14:00:00,194,37.7,60.1492,57.948
D004,2026-05-08 15:00:00,265,34.1,60.1492,57.948
D004,2026-05-08 16:00:00,358,38.2,60.1492,57.948
D004,2026-05-08 17:00:00,449,25.3,60.1492,57.948
D004,2026-05-08 18:00:00,530,28.2,60.1492,57.948
D004,2026-05-08 19:00:00,522,29.1,60.1492,57.948
D004,2026-05-08 20:00:00,382,33.5,60.1492,57.948
D004,2026-05-08 21:00:00,270,29.9,60.1492,57.948
D004,2026-05-08 22:00:00,207,36.3,60.1492,57.948
D004,2026-05-08 23:00:00,214,34.1,60.1492,57.948
D004,2026-05-09 00:00:00,58,36.6,60.1492,57.948
D004,2026-05-09 01:00:00,63,39.7,60.1492,57.948
D004,2026-05-09 02:00:00,50,41.3,60.1492,57.948
D004,2026-05-09 03:00:00,48,40.0,60.1492,57.948
D004,2026-05-09 04:00:00,27,40.0,60.1492,57.948
D004,2026-05-09 05:00:00,151,37.0,60.1492,57.948
D004,2026-05-09 06:00:00,204,36.3,60.1492,57.948
D004,2026-05-09 07:00:00,334,35.3,60.1492,57.948
D004,2026-05-09 08:00:00,380,31.8,60.1492,57.948
D004,2026-05-09 09:00:00,314,32.6,60.1492,57.948
D004,2026-05-09 10:00:00,240,36.6,60.1492,57.948
D004,2026-05-09 11:00:00,171,33.8,60.1492,57.948
D004,2026-05-09 12:00:00,158,38.1,60.1492,57.948
D004,2026-05-09 13:00:00,146,37.5,60.1492,57.948
D004,2026-05-09 14:00:00,141,41.7,60.1492,57.948
D004,2026-05-09 15:00:00,174,32.9,60.1492,57.948
D004,2026-05-09 16:00:00,307,33.9,60.1492,57.948
D004,2026-05-09 17:00:00,345,31.1,60.1492,57.948
D004,2026-05-09 18:00:00,352,36.3,60.1492,57.948
D004,2026-05-09 19:00:00,365,33.0,60.1492,57.948
D004,2026-05-09 20:00:00,286,31.8,60.1492,57.948
D004,2026-05-09 21:00:00,201,38.4,60.1492,57.948
D004,2026-05-09 22:00:00,106,39.7,60.1492,57.948
D004,2026-05-09 23:00:00,139,37.7,60.1492,57.948
D004,2026-05-10 00:00:00,19,40.2,60.1492,57.948
D004,2026-05-10 01:00:00,27,41.1,60.1492,57.948
D004,2026-05-10 02:00:00,26,42.0,60.1492,57.948
D004,2026-05-10 03:00:00,27,39.2,60.1492,57.948
D004,2026-05-10 04:00:00,60,39.1,60.1492,57.948
D004,2026-05-10 05:00:00,174,33.8,60.1492,57.948
D004,2026-05-10 06:00:00,260,31.3,60.1492,57.948
D004,2026-05-10 07:00:00,318,32.6,60.1492,57.948
D004,2026-05-10 08:00:00,342,31.8,60.1492,57.948
D004,2026-05-10 09:00:00,339,36.4,60.1492,57.948
D004,2026-05-10 10:00:00,229,34.5,60.1492,57.948
D004,2026-05-10 11:00:00,131,41.5,60.1492,57.948
D004,2026-05-10 12:00:00,114,36.1,60.1492,57.948
D004,2026-05-10 13:00:00,130,39.4,60.1492,57.948
D004,2026-05-10 14:00:00,174,41.4,60.1492,57.948
D004,2026-05-10 15:00:00,207,34.8,60.1492,57.948
D004,2026-05-10 16:00:00,259,34.1,60.1492,57.948
D004,2026-05-10 17:00:00,367,33.9,60.1492,57.948
D004,2026-05-10 18:00:00,399,26.9,60.1492,57.948
D004,2026-05-10 19:00:00,342,35.7,60.1492,57.948
D004,2026-05-10 20:00:00,261,34.3,60.1492,57.948
D004,2026-05-10 21:00:00,242,34.8,60.1492,57.948
D004,2026-05-10 22:00:00,171,40.8,60.1492,57.948
D004,2026-05-10 23:00:00,140,36.5,60.1492,57.948
D004,2026-05-11 00:00:00,10,38.9,60.1492,57.948
D004,2026-05-11 01:00:00,61,40.8,60.1492,57.948
D004,2026-05-11 02:00:00,70,36.8,60.1492,57.948
D004,2026-05-11 03:00:00,54,35.1,60.1492,57.948
D004,2026-05-11 04:00:00,39,41.2,60.1492,57.948
D004,2026-05-11 05:00:00,189,38.1,60.1492,57.948
D004,2026-05-11 06:00:00,357,28.9,60.1492,57.948
D004,2026-05-11 07:00:00,435,33.9,60.1492,57.948
D004,2026-05-11 08:00:00,504,29.3,60.1492,57.948
D004,2026-05-11 09:00:00,442,26.9,60.1492,57.948
D004,2026-05-11 10:00:00,322,35.8,60.1492,57.948
D004,2026-05-11 11:00:00,231,36.8,60.1492,57.948
D004,2026-05-11 12:00:00,178,34.6,60.1492,57.948
D004,2026-05-11 13:00:00,171,34.4,60.1492,57.948
D004,2026-05-11 14:00:00,179,36.5,60.1492,57.948
D004,2026-05-11 15:00:00,264,32.3,60.1492,57.948
D004,2026-05-11 16:00:00,389,29.2,60.1492,57.948
D004,2026-05-11 17:00:00,497,29.7,60.1492,57.948
D004,2026-05-11 18:00:00,569,27.5,60.1492,57.948
D004,2026-05-11 19:00:00,504,28.6,60.1492,57.948
D004,2026-05-11 20:00:00,351,34.1,60.1492,57.948
D004,2026-05-11 21:00:00,298,33.3,60.1492,57.948
D004,2026-05-11 22:00:00,240,37.0,60.1492,57.948
D004,2026-05-11 23:00:00,211,35.3,60.1492,57.948
D004,2026-05-12 00:00:00,33,40.3,60.1492,57.948
D004,2026-05-12 01:00:00,36,40.5,60.1492,57.948
D004,2026-05-12 02:00:00,45,40.2,60.1492,57.948
D004,2026-05-12 03:00:00,48,37.7,60.1492,57.948
D004,2026-05-12 04:00:00,45,42.7,60.1492,57.948
D004,2026-05-12 05:00:00,228,32.4,60.1492,57.948
D004,2026-05-12 06:00:00,288,33.1,60.1492,57.948
D004,2026-05-12 07:00:00,445,27.3,60.1492,57.948
D004,2026-05-12 08:00:00,462,30.7,60.1492,57.948
D004,2026-05-12 09:00:00,497,30.5,60.1492,57.948
D004,2026-05-12 10:00:00,306,33.1,60.1492,57.948
D004,2026-05-12 11:00:00,227,32.5,60.1492,57.948
D004,2026-05-12 12:00:00,159,36.7,60.1492,57.948
D004,2026-05-12 13:00:00,193,36.7,60.1492,57.948
D004,2026-05-12 14:00:00,191,37.3,60.1492,57.948
D004,2026-05-12 15:00:00,278,31.9,60.1492,57.948
D004,2026-05-12 16:00:00,354,33.6,60.1492,57.948
D004,2026-05-12 17:00:00,510,29.1,60.1492,57.948
D004,2026-05-12 18:00:00,561,30.2,60.1492,57.948
D004,2026-05-12 19:00:00,462,30.5,60.1492,57.948
D004,2026-05-12 20:00:00,400,33.5,60.1492,57.948
D004,2026-05-12 21:00:00,294,32.4,60.1492,57.948
D004,2026-05-12 22:00:00,215,37.3,60.1492,57.948
D004,2026-05-12 23:00:00,164,37.3,60.1492,57.948
D004,2026-05-13 00:00:00,25,38.5,60.1492,57.948
D004,2026-05-13 01:00:00,55,41.9,60.1492,57.948
D004,2026-05-13 02:00:00,49,43.2,60.1492,57.948
D004,2026-05-13 03:00:00,77,36.9,60.1492,57.948
D004,2026-05-13 04:00:00,53,38.6,60.1492,57.948
D004,2026-05-13 05:00:00,244,36.5,60.1492,57.948
D004,2026-05-13 06:00:00,310,35.3,60.1492,57.948
D004,2026-05-13 07:00:00,416,33.2,60.1492,57.948
D004,2026-05-13 08:00:00,451,29.3,60.1492,57.948
D004,2026-05-13 09:00:00,427,31.8,60.1492,57.948
D004,2026-05-13 10:00:00,329,28.0,60.1492,57.948
D004,2026-05-13 11:00:00,205,34.6,60.1492,57.948
D004,2026-05-13 12:00:00,206,39.4,60.1492,57.948
D004,2026-05-13 13:00:00,191,39.4,60.1492,57.948
D004,2026-05-13 14:00:00,190,37.2,60.1492,57.948
D004,2026-05-13 15:00:00,271,31.8,60.1492,57.948
D004,2026-05-13 16:00:00,370,31.0,60.1492,57.948
D004,2026-05-13 17:00:00,498,29.6,60.1492,57.948
D004,2026-05-13 18:00:00,530,26.6,60.1492,57.948
D004,2026-05-13 19:00:00,455,30.7,60.1492,57.948
D004,2026-05-13 20:00:00,374,31.6,60.1492,57.948
D004,2026-05-13 21:00:00,278,33.0,60.1492,57.948
D004,2026-05-13 22:00:00,185,35.1,60.1492,57.948
D004,2026-05-13 23:00:00,169,37.3,60.1492,57.948
D004,2026-05-14 00:00:00,38,39.1,60.1492,57.948
D004,2026-05-14 01:00:00,25,39.5,60.1492,57.948
D004,2026-05-14 02:00:00,18,39.1,60.1492,57.948
D004,2026-05-14 03:00:00,60,39.9,60.1492,57.948
D004,2026-05-14 04:00:00,52,39.2,60.1492,57.948
D004,2026-05-14 05:00:00,245,32.3,60.1492,57.948
D004,2026-05-14 06:00:00,332,31.1,60.1492,57.948
D004,2026-05-14 07:00:00,445,29.5,60.1492,57.948
D004,2026-05-14 08:00:00,485,29.6,60.1492,57.948
D004,2026-05-14 09:00:00,428,27.6,60.1492,57.948
D004,2026-05-14 10:00:00,315,30.4,60.1492,57.948
D004,2026-05-14 11:00:00,232,33.9,60.1492,57.948
D004,2026-05-14 12:00:00,162,37.8,60.1492,57.948
D004,2026-05-14 13:00:00,186,35.9,60.1492,57.948
D004,2026-05-14 14:00:00,198,38.1,60.1492,57.948
D004,2026-05-14 15:00:00,263,35.0,60.1492,57.948
D004,2026-05-14 16:00:00,356,33.3,60.1492,57.948
D004,2026-05-14 17:00:00,487,30.0,60.1492,57.948
D004,2026-05-14 18:00:00,535,26.0,60.1492,57.948
D004,2026-05-14 19:00:00,468,28.8,60.1492,57.948
D004,2026-05-14 20:00:00,368,28.9,60.1492,57.948
D004,2026-05-14 21:00:00,291,36.0,60.1492,57.948
D004,2026-05-14 22:00:00,166,32.1,60.1492,57.948
D004,2026-05-14 23:00:00,148,37.6,60.1492,57.948
D004,2026-05-15 00:00:00,97,36.0,60.1492,57.948
D004,2026-05-15 01:00:00,43,42.9,60.1492,57.948
D004,2026-05-15 02:00:00,40,42.5,60.1492,57.948
D004,2026-05-15 03:00:00,67,39.3,60.1492,57.948
D004,2026-05-15 04:00:00,70,41.3,60.1492,57.948
D004,2026-05-15 05:00:00,203,35.5,60.1492,57.948
D004,2026-05-15 06:00:00,313,33.2,60.1492,57.948
D004,2026-05-15 07:00:00,418,28.4,60.1492,57.948
D004,2026-05-15 08:00:00,496,28.6,60.1492,57.948
D004,2026-05-15 09:00:00,465,29.8,60.1492,57.948
D004,2026-05-15 10:00:00,350,35.1,60.1492,57.948
D004,2026-05-15 11:00:00,250,27.0,60.1492,57.948
D004,2026-05-15 12:00:00,171,37.7,60.1492,57.948
D004,2026-05-15 13:00:00,155,36.0,60.1492,57.948
D004,2026-05-15 14:00:00,215,35.7,60.1492,57.948
D004,2026-05-15 15:00:00,262,38.3,60.1492,57.948
D004,2026-05-15 16:00:00,369,34.2,60.1492,57.948
D004,2026-05-15 17:00:00,489,29.0,60.1492,57.948
D004,2026-05-15 18:00:00,533,25.8,60.1492,57.948
D004,2026-05-15 19:00:00,486,25.8,60.1492,57.948
D004,2026-05-15 20:00:00,387,31.6,60.1492,57.948
D004,2026-05-15 21:00:00,260,36.2,60.1492,57.948
D004,2026-05-15 22:00:00,184,32.1,60.1492,57.948
D004,2026-05-15 23:00:00,183,33.4,60.1492,57.948
D004,2026-05-16 00:00:00,10,41.1,60.1492,57.948
D004,2026-05-16 01:00:00,53,38.0,60.1492,57.948
D004,2026-05-16 02:00:00,19,43.8,60.1492,57.948
D004,2026-05-16 03:00:00,10,42.6,60.1492,57.948
D004,2026-05-16 04:00:00,47,38.2,60.1492,57.948
D004,2026-05-16 05:00:00,162,35.1,60.1492,57.948
D004,2026-05-16 06:00:00,221,35.1,60.1492,57.948
D004,2026-05-16 07:00:00,304,29.8,60.1492,57.948
D004,2026-05-16 08:00:00,369,30.4,60.1492,57.948
D004,2026-05-16 09:00:00,331,32.4,60.1492,57.948
D004,2026-05-16 10:00:00,284,35.1,60.1492,57.948
D004,2026-05-16 11:00:00,141,34.5,60.1492,57.948
D004,2026-05-16 12:00:00,117,37.1,60.1492,57.948
D004,2026-05-16 13:00:00,99,36.0,60.1492,57.948
D004,2026-05-16 14:00:00,146,33.9,60.1492,57.948
D004,2026-05-16 15:00:00,191,36.7,60.1492,57.948
D004,2026-05-16 16:00:00,253,36.0,60.1492,57.948
D004,2026-05-16 17:00:00,354,34.6,60.1492,57.948
D004,2026-05-16 18:00:00,400,30.5,60.1492,57.948
D004,2026-05-16 19:00:00,350,33.3,60.1492,57.948
D004,2026-05-16 20:00:00,278,30.3,60.1492,57.948
D004,2026-05-16 21:00:00,210,34.5,60.1492,57.948
D004,2026-05-16 22:00:00,166,37.2,60.1492,57.948
D004,2026-05-16 23:00:00,114,38.1,60.1492,57.948
D004,2026-05-17 00:00:00,61,37.8,60.1492,57.948
D004,2026-05-17 01:00:00,10,40.2,60.1492,57.948
D004,2026-05-17 02:00:00,58,43.0,60.1492,57.948
D004,2026-05-17 03:00:00,54,35.0,60.1492,57.948
D004,2026-05-17 04:00:00,35,39.1,60.1492,57.948
D004,2026-05-17 05:00:00,161,34.6,60.1492,57.948
D004,2026-05-17 06:00:00,228,32.7,60.1492,57.948
D004,2026-05-17 07:00:00,358,32.2,60.1492,57.948
D004,2026-05-17 08:00:00,347,29.6,60.1492,57.948
D004,2026-05-17 09:00:00,334,33.9,60.1492,57.948
D004,2026-05-17 10:00:00,254,35.4,60.1492,57.948
D004,2026-05-17 11:00:00,156,35.5,60.1492,57.948
D004,2026-05-17 12:00:00,119,37.1,60.1492,57.948
D004,2026-05-17 13:00:00,141,36.3,60.1492,57.948
D004,2026-05-17 14:00:00,151,38.9,60.1492,57.948
D004,2026-05-17 15:00:00,185,38.5,60.1492,57.948
D004,2026-05-17 16:00:00,278,34.9,60.1492,57.948
D004,2026-05-17 17:00:00,352,32.6,60.1492,57.948
D004,2026-05-17 18:00:00,373,29.8,60.1492,57.948
D004,2026-05-17 19:00:00,357,34.0,60.1492,57.948
D004,2026-05-17 20:00:00,267,35.4,60.1492,57.948
D004,2026-05-17 21:00:00,189,34.6,60.1492,57.948
D004,2026-05-17 22:00:00,146,38.2,60.1492,57.948
D004,2026-05-17 23:00:00,113,36.9,60.1492,57.948
D004,2026-05-18 00:00:00,40,40.4,60.1492,57.948
D004,2026-05-18 01:00:00,22,41.1,60.1492,57.948
D004,2026-05-18 02:00:00,54,40.1,60.1492,57.948
D004,2026-05-18 03:00:00,40,40.6,60.1492,57.948
D004,2026-05-18 04:00:00,35,38.5,60.1492,57.948
D004,2026-05-18 05:00:00,243,32.0,60.1492,57.948
D004,2026-05-18 06:00:00,312,31.9,60.1492,57.948
D004,2026-05-18 07:00:00,451,26.6,60.1492,57.948
D004,2026-05-18 08:00:00,484,26.5,60.1492,57.948
D004,2026-05-18 09:00:00,469,28.7,60.1492,57.948
D004,2026-05-18 10:00:00,315,33.4,60.1492,57.948
D004,2026-05-18 11:00:00,245,30.3,60.1492,57.948
D004,2026-05-18 12:00:00,165,37.4,60.1492,57.948
D004,2026-05-18 13:00:00,167,33.7,60.1492,57.948
D004,2026-05-18 14:00:00,190,36.6,60.1492,57.948
D004,2026-05-18 15:00:00,274,38.5,60.1492,57.948
D004,2026-05-18 16:00:00,347,29.1,60.1492,57.948
D004,2026-05-18 17:00:00,468,31.4,60.1492,57.948
D004,2026-05-18 18:00:00,523,24.6,60.1492,57.948
D004,2026-05-18 19:00:00,504,26.8,60.1492,57.948
D004,2026-05-18 20:00:00,396,31.6,60.1492,57.948
D004,2026-05-18 21:00:00,256,36.6,60.1492,57.948
D004,2026-05-18 22:00:00,217,38.9,60.1492,57.948
D004,2026-05-18 23:00:00,168,36.1,60.1492,57.948
D004,2026-05-19 00:00:00,75,41.6,60.1492,57.948
D004,2026-05-19 01:00:00,54,37.8,60.1492,57.948
D004,2026-05-19 02:00:00,30,37.1,60.1492,57.948
D004,2026-05-19 03:00:00,32,39.7,60.1492,57.948
D004,2026-05-19 04:00:00,33,41.8,60.1492,57.948
D004,2026-05-19 05:00:00,182,34.7,60.1492,57.948
D004,2026-05-19 06:00:00,312,34.5,60.1492,57.948
D004,2026-05-19 07:00:00,449,27.1,60.1492,57.948
D004,2026-05-19 08:00:00,499,26.2,60.1492,57.948
D004,2026-05-19 09:00:00,445,27.2,60.1492,57.948
D004,2026-05-19 10:00:00,326,36.1,60.1492,57.948
D004,2026-05-19 11:00:00,266,36.7,60.1492,57.948
D004,2026-05-19 12:00:00,166,35.7,60.1492,57.948
D004,2026-05-19 13:00:00,162,35.6,60.1492,57.948
D004,2026-05-19 14:00:00,172,35.3,60.1492,57.948
D004,2026-05-19 15:00:00,288,38.7,60.1492,57.948
D004,2026-05-19 16:00:00,384,31.8,60.1492,57.948
D004,2026-05-19 17:00:00,502,25.0,60.1492,57.948
D004,2026-05-19 18:00:00,524,29.7,60.1492,57.948
D004,2026-05-19 19:00:00,485,28.1,60.1492,57.948
D004,2026-05-19 20:00:00,392,27.0,60.1492,57.948
D004,2026-05-19 21:00:00,289,32.0,60.1492,57.948
D004,2026-05-19 22:00:00,213,35.7,60.1492,57.948
D004,2026-05-19 23:00:00,188,38.5,60.1492,57.948
D004,2026-05-20 00:00:00,31,42.1,60.1492,57.948
D004,2026-05-20 01:00:00,58,42.7,60.1492,57.948
D004,2026-05-20 02:00:00,40,42.6,60.1492,57.948
D004,2026-05-20 03:00:00,63,38.5,60.1492,57.948
D004,2026-05-20 04:00:00,72,38.4,60.1492,57.948
D004,2026-05-20 05:00:00,245,34.7,60.1492,57.948
D004,2026-05-20 06:00:00,326,33.0,60.1492,57.948
D004,2026-05-20 07:00:00,458,29.4,60.1492,57.948
D004,2026-05-20 08:00:00,505,29.7,60.1492,57.948
D004,2026-05-20 09:00:00,424,32.4,60.1492,57.948
D004,2026-05-20 10:00:00,351,33.3,60.1492,57.948
D004,2026-05-20 11:00:00,236,33.2,60.1492,57.948
D004,2026-05-20 12:00:00,208,32.4,60.1492,57.948
D004,2026-05-20 13:00:00,181,39.9,60.1492,57.948
D004,2026-05-20 14:00:00,191,37.4,60.1492,57.948
D004,2026-05-20 15:00:00,255,36.1,60.1492,57.948
D004,2026-05-20 16:00:00,351,31.3,60.1492,57.948
D004,2026-05-20 17:00:00,478,29.3,60.1492,57.948
D004,2026-05-20 18:00:00,509,31.6,60.1492,57.948
D004,2026-05-20 19:00:00,495,27.5,60.1492,57.948
D004,2026-05-20 20:00:00,403,30.9,60.1492,57.948
D004,2026-05-20 21:00:00,273,34.8,60.1492,57.948
D004,2026-05-20 22:00:00,231,35.6,60.1492,57.948
D004,2026-05-20 23:00:00,156,37.3,60.1492,57.948
D004,2026-05-21 00:00:00,57,39.5,60.1492,57.948
D004,2026-05-21 01:00:00,37,38.3,60.1492,57.948
D004,2026-05-21 02:00:00,19,41.6,60.1492,57.948
D004,2026-05-21 03:00:00,35,38.7,60.1492,57.948
D004,2026-05-21 04:00:00,64,41.8,60.1492,57.948
D004,2026-05-21 05:00:00,210,35.0,60.1492,57.948
D004,2026-05-21 06:00:00,317,34.2,60.1492,57.948
D004,2026-05-21 07:00:00,421,28.7,60.1492,57.948
D004,2026-05-21 08:00:00,502,27.1,60.1492,57.948
D004,2026-05-21 09:00:00,421,30.5,60.1492,57.948
D004,2026-05-21 10:00:00,308,32.7,60.1492,57.948
D004,2026-05-21 11:00:00,252,34.3,60.1492,57.948
D004,2026-05-21 12:00:00,182,35.4,60.1492,57.948
D004,2026-05-21 13:00:00,151,37.6,60.1492,57.948
D004,2026-05-21 14:00:00,221,38.3,60.1492,57.948
D004,2026-05-21 15:00:00,320,32.4,60.1492,57.948
D004,2026-05-21 16:00:00,380,29.1,60.1492,57.948
D004,2026-05-21 17:00:00,523,30.1,60.1492,57.948
D004,2026-05-21 18:00:00,557,28.4,60.1492,57.948
D004,2026-05-21 19:00:00,487,23.2,60.1492,57.948
D004,2026-05-21 20:00:00,399,32.5,60.1492,57.948
D004,2026-05-21 21:00:00,273,32.4,60.1492,57.948
D004,2026-05-21 22:00:00,218,36.2,60.1492,57.948
D004,2026-05-21 23:00:00,179,34.1,60.1492,57.948
D004,2026-05-22 00:00:00,29,40.1,60.1492,57.948
D004,2026-05-22 01:00:00,47,37.5,60.1492,57.948
D004,2026-05-22 02:00:00,80,38.0,60.1492,57.948
D004,2026-05-22 03:00:00,49,40.3,60.1492,57.948
D004,2026-05-22 04:00:00,81,37.3,60.1492,57.948
D004,2026-05-22 05:00:00,225,32.6,60.1492,57.948
D004,2026-05-22 06:00:00,343,33.4,60.1492,57.948
D004,2026-05-22 07:00:00,442,30.6,60.1492,57.948
D004,2026-05-22 08:00:00,527,27.6,60.1492,57.948
D004,2026-05-22 09:00:00,429,29.0,60.1492,57.948
D004,2026-05-22 10:00:00,343,33.7,60.1492,57.948
D004,2026-05-22 11:00:00,238,33.6,60.1492,57.948
D004,2026-05-22 12:00:00,195,37.4,60.1492,57.948
D004,2026-05-22 13:00:00,180,36.2,60.1492,57.948
D004,2026-05-22 14:00:00,212,36.6,60.1492,57.948
D004,2026-05-22 15:00:00,260,33.8,60.1492,57.948
D004,2026-05-22 16:00:00,345,33.7,60.1492,57.948
D004,2026-05-22 17:00:00,488,32.2,60.1492,57.948
D004,2026-05-22 18:00:00,507,28.7,60.1492,57.948
D004,2026-05-22 19:00:00,500,27.0,60.1492,57.948
D004,2026-05-22 20:00:00,385,32.0,60.1492,57.948
D004,2026-05-22 21:00:00,278,33.5,60.1492,57.948
D004,2026-05-22 22:00:00,145,37.6,60.1492,57.948
D004,2026-05-22 23:00:00,177,35.0,60.1492,57.948
D004,2026-05-23 00:00:00,11,41.9,60.1492,57.948
D004,2026-05-23 01:00:00,42,43.4,60.1492,57.948
D004,2026-05-23 02:00:00,21,43.1,60.1492,57.948
D004,2026-05-23 03:00:00,36,39.0,60.1492,57.948
D004,2026-05-23 04:00:00,48,41.7,60.1492,57.948
D004,2026-05-23 05:00:00,155,40.6,60.1492,57.948
D004,2026-05-23 06:00:00,233,32.5,60.1492,57.948
D004,2026-05-23 07:00:00,296,36.0,60.1492,57.948
D004,2026-05-23 08:00:00,346,32.5,60.1492,57.948
D004,2026-05-23 09:00:00,318,32.8,60.1492,57.948
D004,2026-05-23 10:00:00,251,33.7,60.1492,57.948
D004,2026-05-23 11:00:00,145,32.3,60.1492,57.948
D004,2026-05-23 12:00:00,131,37.1,60.1492,57.948
D004,2026-05-23 13:00:00,151,35.7,60.1492,57.948
D004,2026-05-23 14:00:00,165,36.2,60.1492,57.948
D004,2026-05-23 15:00:00,224,33.3,60.1492,57.948
D004,2026-05-23 16:00:00,264,35.9,60.1492,57.948
D004,2026-05-23 17:00:00,374,33.5,60.1492,57.948
D004,2026-05-23 18:00:00,364,34.3,60.1492,57.948
D004,2026-05-23 19:00:00,352,28.6,60.1492,57.948
D004,2026-05-23 20:00:00,261,33.7,60.1492,57.948
D004,2026-05-23 21:00:00,179,39.4,60.1492,57.948
D004,2026-05-23 22:00:00,155,39.6,60.1492,57.948
D004,2026-05-23 23:00:00,110,34.6,60.1492,57.948
D004,2026-05-24 00:00:00,43,40.0,60.1492,57.948
D004,2026-05-24 01:00:00,51,41.2,60.1492,57.948
D004,2026-05-24 02:00:00,38,41.8,60.1492,57.948
D004,2026-05-24 03:00:00,37,40.5,60.1492,57.948
D004,2026-05-24 04:00:00,75,42.0,60.1492,57.948
D004,2026-05-24 05:00:00,146,33.9,60.1492,57.948
D004,2026-05-24 06:00:00,258,33.6,60.1492,57.948
D004,2026-05-24 07:00:00,314,32.1,60.1492,57.948
D004,2026-05-24 08:00:00,362,31.0,60.1492,57.948
D004,2026-05-24 09:00:00,295,29.7,60.1492,57.948
D004,2026-05-24 10:00:00,190,33.9,60.1492,57.948
D004,2026-05-24 11:00:00,187,34.3,60.1492,57.948
D004,2026-05-24 12:00:00,132,40.2,60.1492,57.948
D004,2026-05-24 13:00:00,152,36.0,60.1492,57.948
D004,2026-05-24 14:00:00,159,36.2,60.1492,57.948
D004,2026-05-24 15:00:00,158,39.2,60.1492,57.948
D004,2026-05-24 16:00:00,273,32.2,60.1492,57.948
D004,2026-05-24 17:00:00,356,32.8,60.1492,57.948
D004,2026-05-24 18:00:00,391,29.1,60.1492,57.948
D004,2026-05-24 19:00:00,349,32.9,60.1492,57.948
D004,2026-05-24 20:00:00,284,33.4,60.1492,57.948
D004,2026-05-24 21:00:00,173,37.6,60.1492,57.948
D004,2026-05-24 22:00:00,168,35.5,60.1492,57.948
D004,2026-05-24 23:00:00,135,39.9,60.1492,57.948
D004,2026-05-25 00:00:00,68,42.3,60.1492,57.948
D004,2026-05-25 01:00:00,54,42.7,60.1492,57.948
D004,2026-05-25 02:00:00,73,37.4,60.1492,57.948
D004,2026-05-25 03:00:00,56,40.1,60.1492,57.948
D004,2026-05-25 04:00:00,42,39.2,60.1492,57.948
D004,2026-05-25 05:00:00,193,37.7,60.1492,57.948
D004,2026-05-25 06:00:00,339,35.1,60.1492,57.948
D004,2026-05-25 07:00:00,464,28.1,60.1492,57.948
D004,2026-05-25 08:00:00,492,32.1,60.1492,57.948
D004,2026-05-25 09:00:00,459,27.9,60.1492,57.948
D004,2026-05-25 10:00:00,282,33.4,60.1492,57.948
D004,2026-05-25 11:00:00,210,35.9,60.1492,57.948
D004,2026-05-25 12:00:00,202,32.8,60.1492,57.948
D004,2026-05-25 13:00:00,183,33.8,60.1492,57.948
D004,2026-05-25 14:00:00,248,34.9,60.1492,57.948
D004,2026-05-25 15:00:00,277,31.8,60.1492,57.948
D004,2026-05-25 16:00:00,338,30.4,60.1492,57.948
D004,2026-05-25 17:00:00,472,31.8,60.1492,57.948
D004,2026-05-25 18:00:00,519,29.8,60.1492,57.948
D004,2026-05-25 19:00:00,497,28.3,60.1492,57.948
D004,2026-05-25 20:00:00,332,31.5,60.1492,57.948
D004,2026-05-25 21:00:00,286,35.0,60.1492,57.948
D004,2026-05-25 22:00:00,205,32.7,60.1492,57.948
D004,2026-05-25 23:00:00,177,37.1,60.1492,57.948
D004,2026-05-26 00:00:00,40,41.0,60.1492,57.948
D004,2026-05-26 01:00:00,36,35.7,60.1492,57.948
D004,2026-05-26 02:00:00,38,38.5,60.1492,57.948
D004,2026-05-26 03:00:00,72,40.8,60.1492,57.948
D004,2026-05-26 04:00:00,53,38.5,60.1492,57.948
D004,2026-05-26 05:00:00,239,38.3,60.1492,57.948
D004,2026-05-26 06:00:00,307,31.9,60.1492,57.948
D004,2026-05-26 07:00:00,460,30.6,60.1492,57.948
D004,2026-05-26 08:00:00,487,31.4,60.1492,57.948
D004,2026-05-26 09:00:00,450,27.7,60.1492,57.948
D004,2026-05-26 10:00:00,329,32.8,60.1492,57.948
D004,2026-05-26 11:00:00,259,35.9,60.1492,57.948
D004,2026-05-26 12:00:00,193,36.5,60.1492,57.948
D004,2026-05-26 13:00:00,188,33.2,60.1492,57.948
D004,2026-05-26 14:00:00,177,37.4,60.1492,57.948
D004,2026-05-26 15:00:00,275,33.2,60.1492,57.948
D004,2026-05-26 16:00:00,340,30.1,60.1492,57.948
D004,2026-05-26 17:00:00,499,28.8,60.1492,57.948
D004,2026-05-26 18:00:00,528,25.8,60.1492,57.948
D004,2026-05-26 19:00:00,494,28.3,60.1492,57.948
D004,2026-05-26 20:00:00,373,30.6,60.1492,57.948
D004,2026-05-26 21:00:00,271,34.8,60.1492,57.948
D004,2026-05-26 22:00:00,191,39.9,60.1492,57.948
D004,2026-05-26 23:00:00,164,37.3,60.1492,57.948
D004,2026-05-27 00:00:00,21,38.3,60.1492,57.948
D004,2026-05-27 01:00:00,66,40.9,60.1492,57.948
D004,2026-05-27 02:00:00,53,38.2,60.1492,57.948
D004,2026-05-27 03:00:00,56,37.4,60.1492,57.948
D004,2026-05-27 04:00:00,74,33.4,60.1492,57.948
D004,2026-05-27 05:00:00,222,33.7,60.1492,57.948
D004,2026-05-27 06:00:00,347,31.9,60.1492,57.948
D004,2026-05-27 07:00:00,462,32.6,60.1492,57.948
D004,2026-05-27 08:00:00,503,24.8,60.1492,57.948
D004,2026-05-27 09:00:00,426,29.3,60.1492,57.948
D004,2026-05-27 10:00:00,331,33.6,60.1492,57.948
D004,2026-05-27 11:00:00,205,37.6,60.1492,57.948
D004,2026-05-27 12:00:00,166,36.1,60.1492,57.948
D004,2026-05-27 13:00:00,183,36.1,60.1492,57.948
D004,2026-05-27 14:00:00,231,37.7,60.1492,57.948
D004,2026-05-27 15:00:00,244,32.4,60.1492,57.948
D004,2026-05-27 16:00:00,397,31.3,60.1492,57.948
D004,2026-05-27 17:00:00,501,28.5,60.1492,57.948
D004,2026-05-27 18:00:00,562,28.6,60.1492,57.948
D004,2026-05-27 19:00:00,504,26.9,60.1492,57.948
D004,2026-05-27 20:00:00,387,27.8,60.1492,57.948
D004,2026-05-27 21:00:00,264,33.0,60.1492,57.948
D004,2026-05-27 22:00:00,189,34.2,60.1492,57.948
D004,2026-05-27 23:00:00,139,40.2,60.1492,57.948
D004,2026-05-28 00:00:00,45,39.5,60.1492,57.948
D004,2026-05-28 01:00:00,58,41.9,60.1492,57.948
D004,2026-05-28 02:00:00,73,38.2,60.1492,57.948
D004,2026-05-28 03:00:00,53,37.7,60.1492,57.948
D004,2026-05-28 04:00:00,68,39.3,60.1492,57.948
D004,2026-05-28 05:00:00,245,36.7,60.1492,57.948
D004,2026-05-28 06:00:00,338,33.7,60.1492,57.948
D004,2026-05-28 07:00:00,441,27.2,60.1492,57.948
D004,2026-05-28 08:00:00,500,32.2,60.1492,57.948
D004,2026-05-28 09:00:00,432,28.7,60.1492,57.948
D004,2026-05-28 10:00:00,335,36.3,60.1492,57.948
D004,2026-05-28 11:00:00,210,30.4,60.1492,57.948
D004,2026-05-28 12:00:00,174,36.9,60.1492,57.948
D004,2026-05-28 13:00:00,176,36.0,60.1492,57.948
D004,2026-05-28 14:00:00,194,34.7,60.1492,57.948
D004,2026-05-28 15:00:00,253,35.5,60.1492,57.948
D004,2026-05-28 16:00:00,387,27.8,60.1492,57.948
D004,2026-05-28 17:00:00,518,29.0,60.1492,57.948
D004,2026-05-28 18:00:00,549,26.7,60.1492,57.948
D004,2026-05-28 19:00:00,494,26.2,60.1492,57.948
D004,2026-05-28 20:00:00,405,34.0,60.1492,57.948
D004,2026-05-28 21:00:00,264,31.5,60.1492,57.948
D004,2026-05-28 22:00:00,197,37.4,60.1492,57.948
D004,2026-05-28 23:00:00,168,35.0,60.1492,57.948
D004,2026-05-29 00:00:00,52,37.8,60.1492,57.948
D004,2026-05-29 01:00:00,73,41.3,60.1492,57.948
D004,2026-05-29 02:00:00,61,37.9,60.1492,57.948
D004,2026-05-29 03:00:00,54,42.1,60.1492,57.948
D004,2026-05-29 04:00:00,17,41.0,60.1492,57.948
D004,2026-05-29 05:00:00,254,38.6,60.1492,57.948
D004,2026-05-29 06:00:00,307,33.9,60.1492,57.948
D004,2026-05-29 07:00:00,458,32.2,60.1492,57.948
D004,2026-05-29 08:00:00,461,25.1,60.1492,57.948
D004,2026-05-29 09:00:00,442,31.0,60.1492,57.948
D004,2026-05-29 10:00:00,322,32.2,60.1492,57.948
D004,2026-05-29 11:00:00,252,38.0,60.1492,57.948
D004,2026-05-29 12:00:00,174,37.0,60.1492,57.948
D004,2026-05-29 13:00:00,158,40.9,60.1492,57.948
D004,2026-05-29 14:00:00,178,34.2,60.1492,57.948
D004,2026-05-29 15:00:00,252,32.4,60.1492,57.948
D004,2026-05-29 16:00:00,399,36.1,60.1492,57.948
D004,2026-05-29 17:00:00,494,27.9,60.1492,57.948
D004,2026-05-29 18:00:00,552,25.2,60.1492,57.948
D004,2026-05-29 19:00:00,514,28.1,60.1492,57.948
D004,2026-05-29 20:00:00,384,29.9,60.1492,57.948
D004,2026-05-29 21:00:00,264,30.8,60.1492,57.948
D004,2026-05-29 22:00:00,203,37.9,60.1492,57.948
D004,2026-05-29 23:00:00,142,35.2,60.1492,57.948
D004,2026-05-30 00:00:00,27,39.6,60.1492,57.948
D004,2026-05-30 01:00:00,34,40.1,60.1492,57.948
D004,2026-05-30 02:00:00,40,39.9,60.1492,57.948
D004,2026-05-30 03:00:00,10,41.4,60.1492,57.948
D004,2026-05-30 04:00:00,61,40.0,60.1492,57.948
D004,2026-05-30 05:00:00,133,38.2,60.1492,57.948
D004,2026-05-30 06:00:00,242,32.8,60.1492,57.948
D004,2026-05-30 07:00:00,318,35.9,60.1492,57.948
D004,2026-05-30 08:00:00,385,31.7,60.1492,57.948
D004,2026-05-30 09:00:00,326,32.5,60.1492,57.948
D004,2026-05-30 10:00:00,226,38.4,60.1492,57.948
D004,2026-05-30 11:00:00,182,37.8,60.1492,57.948
D004,2026-05-30 12:00:00,123,41.2,60.1492,57.948
D004,2026-05-30 13:00:00,147,34.5,60.1492,57.948
D004,2026-05-30 14:00:00,166,37.2,60.1492,57.948
D004,2026-05-30 15:00:00,198,31.6,60.1492,57.948
D004,2026-05-30 16:00:00,244,37.1,60.1492,57.948
D004,2026-05-30 17:00:00,339,34.3,60.1492,57.948
D004,2026-05-30 18:00:00,364,28.7,60.1492,57.948
D004,2026-05-30 19:00:00,387,33.3,60.1492,57.948
D004,2026-05-30 20:00:00,268,34.8,60.1492,57.948
D004,2026-05-30 21:00:00,180,37.3,60.1492,57.948
D004,2026-05-30 22:00:00,167,35.9,60.1492,57.948
D004,2026-05-30 23:00:00,135,33.9,60.1492,57.948
D005,2026-05-01 00:00:00,57,54.4,60.0876,57.9255
D005,2026-05-01 01:00:00,24,53.1,60.0876,57.9255
D005,2026-05-01 02:00:00,50,51.4,60.0876,57.9255
D005,2026-05-01 03:00:00,31,52.8,60.0876,57.9255
D005,2026-05-01 04:00:00,10,56.8,60.0876,57.9255
D005,2026-05-01 05:00:00,107,50.7,60.0876,57.9255
D005,2026-05-01 06:00:00,155,47.0,60.0876,57.9255
D005,2026-05-01 07:00:00,216,42.8,60.0876,57.9255
D005,2026-05-01 08:00:00,260,41.8,60.0876,57.9255
D005,2026-05-01 09:00:00,235,44.9,60.0876,57.9255
D005,2026-05-01 10:00:00,184,44.7,60.0876,57.9255
D005,2026-05-01 11:00:00,126,48.3,60.0876,57.9255
D005,2026-05-01 12:00:00,92,48.8,60.0876,57.9255
D005,2026-05-01 13:00:00,80,52.4,60.0876,57.9255
D005,2026-05-01 14:00:00,95,48.6,60.0876,57.9255
D005,2026-05-01 15:00:00,149,48.3,60.0876,57.9255
D005,2026-05-01 16:00:00,166,46.9,60.0876,57.9255
D005,2026-05-01 17:00:00,265,44.2,60.0876,57.9255
D005,2026-05-01 18:00:00,260,39.6,60.0876,57.9255
D005,2026-05-01 19:00:00,238,46.1,60.0876,57.9255
D005,2026-05-01 20:00:00,201,39.9,60.0876,57.9255
D005,2026-05-01 21:00:00,149,42.7,60.0876,57.9255
D005,2026-05-01 22:00:00,136,50.1,60.0876,57.9255
D005,2026-05-01 23:00:00,80,51.2,60.0876,57.9255
D005,2026-05-02 00:00:00,29,52.5,60.0876,57.9255
D005,2026-05-02 01:00:00,26,53.4,60.0876,57.9255
D005,2026-05-02 02:00:00,13,57.7,60.0876,57.9255
D005,2026-05-02 03:00:00,10,54.6,60.0876,57.9255
D005,2026-05-02 04:00:00,10,54.1,60.0876,57.9255
D005,2026-05-02 05:00:00,69,57.2,60.0876,57.9255
D005,2026-05-02 06:00:00,107,49.3,60.0876,57.9255
D005,2026-05-02 07:00:00,147,49.6,60.0876,57.9255
D005,2026-05-02 08:00:00,169,45.1,60.0876,57.9255
D005,2026-05-02 09:00:00,192,47.1,60.0876,57.9255
D005,2026-05-02 10:00:00,121,54.3,60.0876,57.9255
D005,2026-05-02 11:00:00,71,49.7,60.0876,57.9255
D005,2026-05-02 12:00:00,52,55.0,60.0876,57.9255
D005,2026-05-02 13:00:00,53,55.0,60.0876,57.9255
D005,2026-05-02 14:00:00,61,48.0,60.0876,57.9255
D005,2026-05-02 15:00:00,82,51.5,60.0876,57.9255
D005,2026-05-02 16:00:00,157,50.0,60.0876,57.9255
D005,2026-05-02 17:00:00,183,47.4,60.0876,57.9255
D005,2026-05-02 18:00:00,146,48.3,60.0876,57.9255
D005,2026-05-02 19:00:00,177,45.5,60.0876,57.9255
D005,2026-05-02 20:00:00,123,50.8,60.0876,57.9255
D005,2026-05-02 21:00:00,117,53.5,60.0876,57.9255
D005,2026-05-02 22:00:00,69,49.8,60.0876,57.9255
D005,2026-05-02 23:00:00,97,49.4,60.0876,57.9255
D005,2026-05-03 00:00:00,10,51.4,60.0876,57.9255
D005,2026-05-03 01:00:00,25,55.1,60.0876,57.9255
D005,2026-05-03 02:00:00,33,53.8,60.0876,57.9255
D005,2026-05-03 03:00:00,27,54.9,60.0876,57.9255
D005,2026-05-03 04:00:00,29,56.1,60.0876,57.9255
D005,2026-05-03 05:00:00,97,50.6,60.0876,57.9255
D005,2026-05-03 06:00:00,107,51.4,60.0876,57.9255
D005,2026-05-03 07:00:00,148,47.3,60.0876,57.9255
D005,2026-05-03 08:00:00,165,51.4,60.0876,57.9255
D005,2026-05-03 09:00:00,140,49.5,60.0876,57.9255
D005,2026-05-03 10:00:00,128,50.5,60.0876,57.9255
D005,2026-05-03 11:00:00,81,51.1,60.0876,57.9255
D005,2026-05-03 12:00:00,63,45.9,60.0876,57.9255
D005,2026-05-03 13:00:00,50,55.5,60.0876,57.9255
D005,2026-05-03 14:00:00,58,52.4,60.0876,57.9255
D005,2026-05-03 15:00:00,144,45.7,60.0876,57.9255
D005,2026-05-03 16:00:00,126,48.1,60.0876,57.9255
D005,2026-05-03 17:00:00,140,46.1,60.0876,57.9255
D005,2026-05-03 18:00:00,168,47.8,60.0876,57.9255
D005,2026-05-03 19:00:00,171,41.8,60.0876,57.9255
D005,2026-05-03 20:00:00,150,49.6,60.0876,57.9255
D005,2026-05-03 21:00:00,90,52.6,60.0876,57.9255
D005,2026-05-03 22:00:00,83,48.8,60.0876,57.9255
D005,2026-05-03 23:00:00,68,52.0,60.0876,57.9255
D005,2026-05-04 00:00:00,10,52.2,60.0876,57.9255
D005,2026-05-04 01:00:00,32,58.5,60.0876,57.9255
D005,2026-05-04 02:00:00,24,54.3,60.0876,57.9255
D005,2026-05-04 03:00:00,10,53.9,60.0876,57.9255
D005,2026-05-04 04:00:00,23,53.0,60.0876,57.9255
D005,2026-05-04 05:00:00,102,49.8,60.0876,57.9255
D005,2026-05-04 06:00:00,152,50.1,60.0876,57.9255
D005,2026-05-04 07:00:00,256,40.5,60.0876,57.9255
D005,2026-05-04 08:00:00,240,44.0,60.0876,57.9255
D005,2026-05-04 09:00:00,230,41.8,60.0876,57.9255
D005,2026-05-04 10:00:00,151,48.7,60.0876,57.9255
D005,2026-05-04 11:00:00,85,55.6,60.0876,57.9255
D005,2026-05-04 12:00:00,98,49.4,60.0876,57.9255
D005,2026-05-04 13:00:00,86,48.3,60.0876,57.9255
D005,2026-05-04 14:00:00,134,48.1,60.0876,57.9255
D005,2026-05-04 15:00:00,126,52.6,60.0876,57.9255
D005,2026-05-04 16:00:00,206,44.3,60.0876,57.9255
D005,2026-05-04 17:00:00,252,41.7,60.0876,57.9255
D005,2026-05-04 18:00:00,263,41.4,60.0876,57.9255
D005,2026-05-04 19:00:00,250,44.9,60.0876,57.9255
D005,2026-05-04 20:00:00,223,39.1,60.0876,57.9255
D005,2026-05-04 21:00:00,176,48.5,60.0876,57.9255
D005,2026-05-04 22:00:00,101,49.0,60.0876,57.9255
D005,2026-05-04 23:00:00,54,54.9,60.0876,57.9255
D005,2026-05-05 00:00:00,10,55.9,60.0876,57.9255
D005,2026-05-05 01:00:00,17,50.6,60.0876,57.9255
D005,2026-05-05 02:00:00,32,54.5,60.0876,57.9255
D005,2026-05-05 03:00:00,10,56.4,60.0876,57.9255
D005,2026-05-05 04:00:00,59,53.1,60.0876,57.9255
D005,2026-05-05 05:00:00,122,47.3,60.0876,57.9255
D005,2026-05-05 06:00:00,143,47.0,60.0876,57.9255
D005,2026-05-05 07:00:00,221,44.0,60.0876,57.9255
D005,2026-05-05 08:00:00,243,48.3,60.0876,57.9255
D005,2026-05-05 09:00:00,230,41.4,60.0876,57.9255
D005,2026-05-05 10:00:00,140,44.2,60.0876,57.9255
D005,2026-05-05 11:00:00,96,51.5,60.0876,57.9255
D005,2026-05-05 12:00:00,87,49.1,60.0876,57.9255
D005,2026-05-05 13:00:00,100,51.2,60.0876,57.9255
D005,2026-05-05 14:00:00,108,49.6,60.0876,57.9255
D005,2026-05-05 15:00:00,133,45.4,60.0876,57.9255
D005,2026-05-05 16:00:00,155,45.5,60.0876,57.9255
D005,2026-05-05 17:00:00,230,41.7,60.0876,57.9255
D005,2026-05-05 18:00:00,266,40.7,60.0876,57.9255
D005,2026-05-05 19:00:00,221,43.7,60.0876,57.9255
D005,2026-05-05 20:00:00,194,44.2,60.0876,57.9255
D005,2026-05-05 21:00:00,149,48.2,60.0876,57.9255
D005,2026-05-05 22:00:00,108,48.8,60.0876,57.9255
D005,2026-05-05 23:00:00,95,51.8,60.0876,57.9255
D005,2026-05-06 00:00:00,10,56.9,60.0876,57.9255
D005,2026-05-06 01:00:00,15,55.7,60.0876,57.9255
D005,2026-05-06 02:00:00,10,53.5,60.0876,57.9255
D005,2026-05-06 03:00:00,10,54.2,60.0876,57.9255
D005,2026-05-06 04:00:00,30,54.4,60.0876,57.9255
D005,2026-05-06 05:00:00,114,46.5,60.0876,57.9255
D005,2026-05-06 06:00:00,185,42.8,60.0876,57.9255
D005,2026-05-06 07:00:00,214,42.6,60.0876,57.9255
D005,2026-05-06 08:00:00,236,40.1,60.0876,57.9255
D005,2026-05-06 09:00:00,239,44.7,60.0876,57.9255
D005,2026-05-06 10:00:00,163,46.5,60.0876,57.9255
D005,2026-05-06 11:00:00,97,49.9,60.0876,57.9255
D005,2026-05-06 12:00:00,76,51.4,60.0876,57.9255
D005,2026-05-06 13:00:00,96,49.7,60.0876,57.9255
D005,2026-05-06 14:00:00,108,50.9,60.0876,57.9255
D005,2026-05-06 15:00:00,148,51.9,60.0876,57.9255
D005,2026-05-06 16:00:00,162,44.2,60.0876,57.9255
D005,2026-05-06 17:00:00,223,43.4,60.0876,57.9255
D005,2026-05-06 18:00:00,241,41.8,60.0876,57.9255
D005,2026-05-06 19:00:00,260,43.6,60.0876,57.9255
D005,2026-05-06 20:00:00,217,46.0,60.0876,57.9255
D005,2026-05-06 21:00:00,152,46.2,60.0876,57.9255
D005,2026-05-06 22:00:00,95,52.2,60.0876,57.9255
D005,2026-05-06 23:00:00,103,45.6,60.0876,57.9255
D005,2026-05-07 00:00:00,10,52.3,60.0876,57.9255
D005,2026-05-07 01:00:00,10,57.4,60.0876,57.9255
D005,2026-05-07 02:00:00,57,52.9,60.0876,57.9255
D005,2026-05-07 03:00:00,31,57.7,60.0876,57.9255
D005,2026-05-07 04:00:00,35,54.5,60.0876,57.9255
D005,2026-05-07 05:00:00,121,49.8,60.0876,57.9255
D005,2026-05-07 06:00:00,186,47.3,60.0876,57.9255
D005,2026-05-07 07:00:00,221,43.1,60.0876,57.9255
D005,2026-05-07 08:00:00,252,38.7,60.0876,57.9255
D005,2026-05-07 09:00:00,228,43.9,60.0876,57.9255
D005,2026-05-07 10:00:00,168,44.1,60.0876,57.9255
D005,2026-05-07 11:00:00,123,49.3,60.0876,57.9255
D005,2026-05-07 12:00:00,92,51.2,60.0876,57.9255
D005,2026-05-07 13:00:00,74,48.1,60.0876,57.9255
D005,2026-05-07 14:00:00,109,44.7,60.0876,57.9255
D005,2026-05-07 15:00:00,145,52.3,60.0876,57.9255
D005,2026-05-07 16:00:00,195,47.1,60.0876,57.9255
D005,2026-05-07 17:00:00,274,43.6,60.0876,57.9255
D005,2026-05-07 18:00:00,310,37.6,60.0876,57.9255
D005,2026-05-07 19:00:00,238,44.2,60.0876,57.9255
D005,2026-05-07 20:00:00,159,47.0,60.0876,57.9255
D005,2026-05-07 21:00:00,135,51.1,60.0876,57.9255
D005,2026-05-07 22:00:00,120,50.7,60.0876,57.9255
D005,2026-05-07 23:00:00,100,50.1,60.0876,57.9255
D005,2026-05-08 00:00:00,30,55.2,60.0876,57.9255
D005,2026-05-08 01:00:00,42,51.3,60.0876,57.9255
D005,2026-05-08 02:00:00,32,53.2,60.0876,57.9255
D005,2026-05-08 03:00:00,30,56.0,60.0876,57.9255
D005,2026-05-08 04:00:00,22,51.9,60.0876,57.9255
D005,2026-05-08 05:00:00,98,48.8,60.0876,57.9255
D005,2026-05-08 06:00:00,173,46.0,60.0876,57.9255
D005,2026-05-08 07:00:00,209,46.3,60.0876,57.9255
D005,2026-05-08 08:00:00,250,44.0,60.0876,57.9255
D005,2026-05-08 09:00:00,259,46.2,60.0876,57.9255
D005,2026-05-08 10:00:00,168,47.3,60.0876,57.9255
D005,2026-05-08 11:00:00,134,51.1,60.0876,57.9255
D005,2026-05-08 12:00:00,86,48.0,60.0876,57.9255
D005,2026-05-08 13:00:00,105,50.2,60.0876,57.9255
D005,2026-05-08 14:00:00,112,50.6,60.0876,57.9255
D005,2026-05-08 15:00:00,121,47.8,60.0876,57.9255
D005,2026-05-08 16:00:00,207,44.3,60.0876,57.9255
D005,2026-05-08 17:00:00,230,42.9,60.0876,57.9255
D005,2026-05-08 18:00:00,277,40.0,60.0876,57.9255
D005,2026-05-08 19:00:00,276,43.0,60.0876,57.9255
D005,2026-05-08 20:00:00,161,47.5,60.0876,57.9255
D005,2026-05-08 21:00:00,162,54.2,60.0876,57.9255
D005,2026-05-08 22:00:00,93,50.4,60.0876,57.9255
D005,2026-05-08 23:00:00,63,53.1,60.0876,57.9255
D005,2026-05-09 00:00:00,26,54.3,60.0876,57.9255
D005,2026-05-09 01:00:00,10,56.2,60.0876,57.9255
D005,2026-05-09 02:00:00,50,55.5,60.0876,57.9255
D005,2026-05-09 03:00:00,24,53.7,60.0876,57.9255
D005,2026-05-09 04:00:00,35,52.9,60.0876,57.9255
D005,2026-05-09 05:00:00,37,49.4,60.0876,57.9255
D005,2026-05-09 06:00:00,141,50.9,60.0876,57.9255
D005,2026-05-09 07:00:00,156,45.4,60.0876,57.9255
D005,2026-05-09 08:00:00,172,43.6,60.0876,57.9255
D005,2026-05-09 09:00:00,153,51.2,60.0876,57.9255
D005,2026-05-09 10:00:00,105,48.0,60.0876,57.9255
D005,2026-05-09 11:00:00,58,52.6,60.0876,57.9255
D005,2026-05-09 12:00:00,49,54.0,60.0876,57.9255
D005,2026-05-09 13:00:00,58,55.8,60.0876,57.9255
D005,2026-05-09 14:00:00,83,51.9,60.0876,57.9255
D005,2026-05-09 15:00:00,71,51.5,60.0876,57.9255
D005,2026-05-09 16:00:00,141,48.7,60.0876,57.9255
D005,2026-05-09 17:00:00,182,46.2,60.0876,57.9255
D005,2026-05-09 18:00:00,173,41.1,60.0876,57.9255
D005,2026-05-09 19:00:00,156,49.4,60.0876,57.9255
D005,2026-05-09 20:00:00,150,50.0,60.0876,57.9255
D005,2026-05-09 21:00:00,102,50.4,60.0876,57.9255
D005,2026-05-09 22:00:00,73,47.6,60.0876,57.9255
D005,2026-05-09 23:00:00,66,50.3,60.0876,57.9255
D005,2026-05-10 00:00:00,10,52.3,60.0876,57.9255
D005,2026-05-10 01:00:00,16,56.2,60.0876,57.9255
D005,2026-05-10 02:00:00,32,51.3,60.0876,57.9255
D005,2026-05-10 03:00:00,22,53.7,60.0876,57.9255
D005,2026-05-10 04:00:00,10,56.6,60.0876,57.9255
D005,2026-05-10 05:00:00,70,52.8,60.0876,57.9255
D005,2026-05-10 06:00:00,102,51.6,60.0876,57.9255
D005,2026-05-10 07:00:00,180,46.6,60.0876,57.9255
D005,2026-05-10 08:00:00,187,44.2,60.0876,57.9255
D005,2026-05-10 09:00:00,152,44.9,60.0876,57.9255
D005,2026-05-10 10:00:00,135,50.9,60.0876,57.9255
D005,2026-05-10 11:00:00,74,51.4,60.0876,57.9255
D005,2026-05-10 12:00:00,54,49.4,60.0876,57.9255
D005,2026-05-10 13:00:00,55,49.6,60.0876,57.9255
D005,2026-05-10 14:00:00,38,53.8,60.0876,57.9255
D005,2026-05-10 15:00:00,78,51.0,60.0876,57.9255
D005,2026-05-10 16:00:00,87,50.8,60.0876,57.9255
D005,2026-05-10 17:00:00,163,45.5,60.0876,57.9255
D005,2026-05-10 18:00:00,210,44.2,60.0876,57.9255
D005,2026-05-10 19:00:00,181,46.1,60.0876,57.9255
D005,2026-05-10 20:00:00,144,46.1,60.0876,57.9255
D005,2026-05-10 21:00:00,96,49.7,60.0876,57.9255
D005,2026-05-10 22:00:00,85,49.5,60.0876,57.9255
D005,2026-05-10 23:00:00,76,52.4,60.0876,57.9255
D005,2026-05-11 00:00:00,14,55.9,60.0876,57.9255
D005,2026-05-11 01:00:00,17,52.7,60.0876,57.9255
D005,2026-05-11 02:00:00,10,52.1,60.0876,57.9255
D005,2026-05-11 03:00:00,30,53.1,60.0876,57.9255
D005,2026-05-11 04:00:00,21,55.8,60.0876,57.9255
D005,2026-05-11 05:00:00,130,48.7,60.0876,57.9255
D005,2026-05-11 06:00:00,127,49.7,60.0876,57.9255
D005,2026-05-11 07:00:00,184,43.8,60.0876,57.9255
D005,2026-05-11 08:00:00,244,46.2,60.0876,57.9255
D005,2026-05-11 09:00:00,175,42.9,60.0876,57.9255
D005,2026-05-11 10:00:00,149,49.1,60.0876,57.9255
D005,2026-05-11 11:00:00,85,49.0,60.0876,57.9255
D005,2026-05-11 12:00:00,114,51.2,60.0876,57.9255
D005,2026-05-11 13:00:00,78,53.3,60.0876,57.9255
D005,2026-05-11 14:00:00,103,47.9,60.0876,57.9255
D005,2026-05-11 15:00:00,121,47.6,60.0876,57.9255
D005,2026-05-11 16:00:00,168,47.6,60.0876,57.9255
D005,2026-05-11 17:00:00,263,38.7,60.0876,57.9255
D005,2026-05-11 18:00:00,281,38.7,60.0876,57.9255
D005,2026-05-11 19:00:00,243,43.5,60.0876,57.9255
D005,2026-05-11 20:00:00,206,44.6,60.0876,57.9255
D005,2026-05-11 21:00:00,138,51.7,60.0876,57.9255
D005,2026-05-11 22:00:00,130,50.8,60.0876,57.9255
D005,2026-05-11 23:00:00,101,51.1,60.0876,57.9255
D005,2026-05-12 00:00:00,54,53.9,60.0876,57.9255
D005,2026-05-12 01:00:00,12,54.6,60.0876,57.9255
D005,2026-05-12 02:00:00,32,50.3,60.0876,57.9255
D005,2026-05-12 03:00:00,14,58.1,60.0876,57.9255
D005,2026-05-12 04:00:00,10,55.6,60.0876,57.9255
D005,2026-05-12 05:00:00,120,51.1,60.0876,57.9255
D005,2026-05-12 06:00:00,148,45.9,60.0876,57.9255
D005,2026-05-12 07:00:00,221,42.6,60.0876,57.9255
D005,2026-05-12 08:00:00,275,41.6,60.0876,57.9255
D005,2026-05-12 09:00:00,235,41.1,60.0876,57.9255
D005,2026-05-12 10:00:00,172,51.9,60.0876,57.9255
D005,2026-05-12 11:00:00,113,46.9,60.0876,57.9255
D005,2026-05-12 12:00:00,113,48.3,60.0876,57.9255
D005,2026-05-12 13:00:00,66,49.2,60.0876,57.9255
D005,2026-05-12 14:00:00,80,52.1,60.0876,57.9255
D005,2026-05-12 15:00:00,119,47.1,60.0876,57.9255
D005,2026-05-12 16:00:00,181,46.9,60.0876,57.9255
D005,2026-05-12 17:00:00,261,44.7,60.0876,57.9255
D005,2026-05-12 18:00:00,264,44.0,60.0876,57.9255
D005,2026-05-12 19:00:00,230,47.3,60.0876,57.9255
D005,2026-05-12 20:00:00,199,45.6,60.0876,57.9255
D005,2026-05-12 21:00:00,105,51.9,60.0876,57.9255
D005,2026-05-12 22:00:00,93,49.0,60.0876,57.9255
D005,2026-05-12 23:00:00,72,50.1,60.0876,57.9255
D005,2026-05-13 00:00:00,33,54.3,60.0876,57.9255
D005,2026-05-13 01:00:00,25,57.9,60.0876,57.9255
D005,2026-05-13 02:00:00,10,55.1,60.0876,57.9255
D005,2026-05-13 03:00:00,10,55.7,60.0876,57.9255
D005,2026-05-13 04:00:00,37,53.4,60.0876,57.9255
D005,2026-05-13 05:00:00,123,50.1,60.0876,57.9255
D005,2026-05-13 06:00:00,170,43.5,60.0876,57.9255
D005,2026-05-13 07:00:00,235,47.1,60.0876,57.9255
D005,2026-05-13 08:00:00,267,41.1,60.0876,57.9255
D005,2026-05-13 09:00:00,255,42.8,60.0876,57.9255
D005,2026-05-13 10:00:00,183,47.4,60.0876,57.9255
D005,2026-05-13 11:00:00,140,44.5,60.0876,57.9255
D005,2026-05-13 12:00:00,78,52.3,60.0876,57.9255
D005,2026-05-13 13:00:00,85,50.0,60.0876,57.9255
D005,2026-05-13 14:00:00,128,47.4,60.0876,57.9255
D005,2026-05-13 15:00:00,139,48.9,60.0876,57.9255
D005,2026-05-13 16:00:00,184,40.7,60.0876,57.9255
D005,2026-05-13 17:00:00,211,43.9,60.0876,57.9255
D005,2026-05-13 18:00:00,309,38.0,60.0876,57.9255
D005,2026-05-13 19:00:00,244,47.4,60.0876,57.9255
D005,2026-05-13 20:00:00,189,46.7,60.0876,57.9255
D005,2026-05-13 21:00:00,139,46.2,60.0876,57.9255
D005,2026-05-13 22:00:00,86,49.6,60.0876,57.9255
D005,2026-05-13 23:00:00,87,49.0,60.0876,57.9255
D005,2026-05-14 00:00:00,15,54.8,60.0876,57.9255
D005,2026-05-14 01:00:00,46,57.9,60.0876,57.9255
D005,2026-05-14 02:00:00,12,55.0,60.0876,57.9255
D005,2026-05-14 03:00:00,10,53.1,60.0876,57.9255
D005,2026-05-14 04:00:00,10,58.3,60.0876,57.9255
D005,2026-05-14 05:00:00,106,51.8,60.0876,57.9255
D005,2026-05-14 06:00:00,143,42.7,60.0876,57.9255
D005,2026-05-14 07:00:00,250,38.9,60.0876,57.9255
D005,2026-05-14 08:00:00,228,46.2,60.0876,57.9255
D005,2026-05-14 09:00:00,221,43.5,60.0876,57.9255
D005,2026-05-14 10:00:00,186,45.1,60.0876,57.9255
D005,2026-05-14 11:00:00,129,45.8,60.0876,57.9255
D005,2026-05-14 12:00:00,118,47.9,60.0876,57.9255
D005,2026-05-14 13:00:00,92,48.8,60.0876,57.9255
D005,2026-05-14 14:00:00,87,50.0,60.0876,57.9255
D005,2026-05-14 15:00:00,150,47.0,60.0876,57.9255
D005,2026-05-14 16:00:00,191,44.4,60.0876,57.9255
D005,2026-05-14 17:00:00,268,38.4,60.0876,57.9255
D005,2026-05-14 18:00:00,239,46.2,60.0876,57.9255
D005,2026-05-14 19:00:00,206,48.5,60.0876,57.9255
D005,2026-05-14 20:00:00,188,46.6,60.0876,57.9255
D005,2026-05-14 21:00:00,140,46.6,60.0876,57.9255
D005,2026-05-14 22:00:00,110,54.0,60.0876,57.9255
D005,2026-05-14 23:00:00,109,48.0,60.0876,57.9255
D005,2026-05-15 00:00:00,47,50.1,60.0876,57.9255
D005,2026-05-15 01:00:00,20,54.3,60.0876,57.9255
D005,2026-05-15 02:00:00,47,49.6,60.0876,57.9255
D005,2026-05-15 03:00:00,44,51.9,60.0876,57.9255
D005,2026-05-15 04:00:00,10,56.7,60.0876,57.9255
D005,2026-05-15 05:00:00,107,45.2,60.0876,57.9255
D005,2026-05-15 06:00:00,176,42.5,60.0876,57.9255
D005,2026-05-15 07:00:00,213,41.9,60.0876,57.9255
D005,2026-05-15 08:00:00,232,45.8,60.0876,57.9255
D005,2026-05-15 09:00:00,231,40.1,60.0876,57.9255
D005,2026-05-15 10:00:00,158,47.2,60.0876,57.9255
D005,2026-05-15 11:00:00,139,49.1,60.0876,57.9255
D005,2026-05-15 12:00:00,70,48.7,60.0876,57.9255
D005,2026-05-15 13:00:00,101,51.6,60.0876,57.9255
D005,2026-05-15 14:00:00,90,49.1,60.0876,57.9255
D005,2026-05-15 15:00:00,143,48.5,60.0876,57.9255
D005,2026-05-15 16:00:00,141,47.4,60.0876,57.9255
D005,2026-05-15 17:00:00,259,38.8,60.0876,57.9255
D005,2026-05-15 18:00:00,285,38.0,60.0876,57.9255
D005,2026-05-15 19:00:00,249,40.7,60.0876,57.9255
D005,2026-05-15 20:00:00,159,47.5,60.0876,57.9255
D005,2026-05-15 21:00:00,132,51.7,60.0876,57.9255
D005,2026-05-15 22:00:00,116,45.7,60.0876,57.9255
D005,2026-05-15 23:00:00,93,52.5,60.0876,57.9255
D005,2026-05-16 00:00:00,33,57.4,60.0876,57.9255
D005,2026-05-16 01:00:00,52,50.8,60.0876,57.9255
D005,2026-05-16 02:00:00,24,59.1,60.0876,57.9255
D005,2026-05-16 03:00:00,41,51.5,60.0876,57.9255
D005,2026-05-16 04:00:00,10,51.1,60.0876,57.9255
D005,2026-05-16 05:00:00,94,50.1,60.0876,57.9255
D005,2026-05-16 06:00:00,113,48.1,60.0876,57.9255
D005,2026-05-16 07:00:00,142,49.3,60.0876,57.9255
D005,2026-05-16 08:00:00,177,47.1,60.0876,57.9255
D005,2026-05-16 09:00:00,128,52.5,60.0876,57.9255
D005,2026-05-16 10:00:00,138,50.5,60.0876,57.9255
D005,2026-05-16 11:00:00,45,54.7,60.0876,57.9255
D005,2026-05-16 12:00:00,40,53.9,60.0876,57.9255
D005,2026-05-16 13:00:00,85,53.1,60.0876,57.9255
D005,2026-05-16 14:00:00,86,54.8,60.0876,57.9255
D005,2026-05-16 15:00:00,99,48.3,60.0876,57.9255
D005,2026-05-16 16:00:00,126,48.7,60.0876,57.9255
D005,2026-05-16 17:00:00,191,43.1,60.0876,57.9255
D005,2026-05-16 18:00:00,209,44.5,60.0876,57.9255
D005,2026-05-16 19:00:00,168,44.5,60.0876,57.9255
D005,2026-05-16 20:00:00,127,49.3,60.0876,57.9255
D005,2026-05-16 21:00:00,93,52.0,60.0876,57.9255
D005,2026-05-16 22:00:00,44,49.6,60.0876,57.9255
D005,2026-05-16 23:00:00,44,55.2,60.0876,57.9255
D005,2026-05-17 00:00:00,15,54.3,60.0876,57.9255
D005,2026-05-17 01:00:00,28,55.0,60.0876,57.9255
D005,2026-05-17 02:00:00,10,51.4,60.0876,57.9255
D005,2026-05-17 03:00:00,11,51.1,60.0876,57.9255
D005,2026-05-17 04:00:00,18,52.4,60.0876,57.9255
D005,2026-05-17 05:00:00,87,51.1,60.0876,57.9255
D005,2026-05-17 06:00:00,110,50.9,60.0876,57.9255
D005,2026-05-17 07:00:00,209,40.5,60.0876,57.9255
D005,2026-05-17 08:00:00,221,41.8,60.0876,57.9255
D005,2026-05-17 09:00:00,134,46.2,60.0876,57.9255
D005,2026-05-17 10:00:00,130,49.0,60.0876,57.9255
D005,2026-05-17 11:00:00,71,50.2,60.0876,57.9255
D005,2026-05-17 12:00:00,52,53.7,60.0876,57.9255
D005,2026-05-17 13:00:00,87,50.1,60.0876,57.9255
D005,2026-05-17 14:00:00,61,51.1,60.0876,57.9255
D005,2026-05-17 15:00:00,55,52.1,60.0876,57.9255
D005,2026-05-17 16:00:00,142,47.1,60.0876,57.9255
D005,2026-05-17 17:00:00,167,49.1,60.0876,57.9255
D005,2026-05-17 18:00:00,200,45.9,60.0876,57.9255
D005,2026-05-17 19:00:00,185,46.1,60.0876,57.9255
D005,2026-05-17 20:00:00,159,44.0,60.0876,57.9255
D005,2026-05-17 21:00:00,96,45.2,60.0876,57.9255
D005,2026-05-17 22:00:00,65,56.2,60.0876,57.9255
D005,2026-05-17 23:00:00,40,50.6,60.0876,57.9255
D005,2026-05-18 00:00:00,23,55.7,60.0876,57.9255
D005,2026-05-18 01:00:00,36,52.0,60.0876,57.9255
D005,2026-05-18 02:00:00,55,52.1,60.0876,57.9255
D005,2026-05-18 03:00:00,45,56.3,60.0876,57.9255
D005,2026-05-18 04:00:00,10,51.2,60.0876,57.9255
D005,2026-05-18 05:00:00,124,49.2,60.0876,57.9255
D005,2026-05-18 06:00:00,162,47.5,60.0876,57.9255
D005,2026-05-18 07:00:00,218,47.5,60.0876,57.9255
D005,2026-05-18 08:00:00,193,48.1,60.0876,57.9255
D005,2026-05-18 09:00:00,224,43.5,60.0876,57.9255
D005,2026-05-18 10:00:00,144,50.5,60.0876,57.9255
D005,2026-05-18 11:00:00,93,50.6,60.0876,57.9255
D005,2026-05-18 12:00:00,113,45.7,60.0876,57.9255
D005,2026-05-18 13:00:00,95,50.9,60.0876,57.9255
D005,2026-05-18 14:00:00,109,48.5,60.0876,57.9255
D005,2026-05-18 15:00:00,144,50.1,60.0876,57.9255
D005,2026-05-18 16:00:00,182,50.5,60.0876,57.9255
D005,2026-05-18 17:00:00,224,42.3,60.0876,57.9255
D005,2026-05-18 18:00:00,291,40.0,60.0876,57.9255
D005,2026-05-18 19:00:00,228,42.6,60.0876,57.9255
D005,2026-05-18 20:00:00,215,46.0,60.0876,57.9255
D005,2026-05-18 21:00:00,117,45.0,60.0876,57.9255
D005,2026-05-18 22:00:00,128,49.1,60.0876,57.9255
D005,2026-05-18 23:00:00,80,49.0,60.0876,57.9255
D005,2026-05-19 00:00:00,10,51.6,60.0876,57.9255
D005,2026-05-19 01:00:00,30,52.4,60.0876,57.9255
D005,2026-05-19 02:00:00,54,54.3,60.0876,57.9255
D005,2026-05-19 03:00:00,14,52.3,60.0876,57.9255
D005,2026-05-19 04:00:00,50,51.7,60.0876,57.9255
D005,2026-05-19 05:00:00,162,47.1,60.0876,57.9255
D005,2026-05-19 06:00:00,137,43.7,60.0876,57.9255
D005,2026-05-19 07:00:00,206,47.9,60.0876,57.9255
D005,2026-05-19 08:00:00,243,37.3,60.0876,57.9255
D005,2026-05-19 09:00:00,208,44.0,60.0876,57.9255
D005,2026-05-19 10:00:00,186,46.7,60.0876,57.9255
D005,2026-05-19 11:00:00,112,50.1,60.0876,57.9255
D005,2026-05-19 12:00:00,132,50.7,60.0876,57.9255
D005,2026-05-19 13:00:00,76,52.7,60.0876,57.9255
D005,2026-05-19 14:00:00,122,54.0,60.0876,57.9255
D005,2026-05-19 15:00:00,139,47.3,60.0876,57.9255
D005,2026-05-19 16:00:00,194,44.2,60.0876,57.9255
D005,2026-05-19 17:00:00,247,40.9,60.0876,57.9255
D005,2026-05-19 18:00:00,270,38.3,60.0876,57.9255
D005,2026-05-19 19:00:00,260,43.8,60.0876,57.9255
D005,2026-05-19 20:00:00,158,48.7,60.0876,57.9255
D005,2026-05-19 21:00:00,124,51.9,60.0876,57.9255
D005,2026-05-19 22:00:00,119,51.4,60.0876,57.9255
D005,2026-05-19 23:00:00,98,47.8,60.0876,57.9255
D005,2026-05-20 00:00:00,10,54.8,60.0876,57.9255
D005,2026-05-20 01:00:00,10,54.9,60.0876,57.9255
D005,2026-05-20 02:00:00,10,56.2,60.0876,57.9255
D005,2026-05-20 03:00:00,34,50.5,60.0876,57.9255
D005,2026-05-20 04:00:00,10,55.4,60.0876,57.9255
D005,2026-05-20 05:00:00,130,49.0,60.0876,57.9255
D005,2026-05-20 06:00:00,149,47.9,60.0876,57.9255
D005,2026-05-20 07:00:00,215,43.1,60.0876,57.9255
D005,2026-05-20 08:00:00,222,44.0,60.0876,57.9255
D005,2026-05-20 09:00:00,205,44.5,60.0876,57.9255
D005,2026-05-20 10:00:00,126,50.5,60.0876,57.9255
D005,2026-05-20 11:00:00,104,50.0,60.0876,57.9255
D005,2026-05-20 12:00:00,119,52.5,60.0876,57.9255
D005,2026-05-20 13:00:00,101,47.7,60.0876,57.9255
D005,2026-05-20 14:00:00,100,50.7,60.0876,57.9255
D005,2026-05-20 15:00:00,139,48.4,60.0876,57.9255
D005,2026-05-20 16:00:00,203,46.3,60.0876,57.9255
D005,2026-05-20 17:00:00,266,43.5,60.0876,57.9255
D005,2026-05-20 18:00:00,257,41.4,60.0876,57.9255
D005,2026-05-20 19:00:00,244,43.7,60.0876,57.9255
D005,2026-05-20 20:00:00,179,46.0,60.0876,57.9255
D005,2026-05-20 21:00:00,128,47.4,60.0876,57.9255
D005,2026-05-20 22:00:00,109,51.6,60.0876,57.9255
D005,2026-05-20 23:00:00,119,51.3,60.0876,57.9255
D005,2026-05-21 00:00:00,17,56.9,60.0876,57.9255
D005,2026-05-21 01:00:00,10,55.4,60.0876,57.9255
D005,2026-05-21 02:00:00,14,53.1,60.0876,57.9255
D005,2026-05-21 03:00:00,60,51.1,60.0876,57.9255
D005,2026-05-21 04:00:00,31,54.7,60.0876,57.9255
D005,2026-05-21 05:00:00,114,46.3,60.0876,57.9255
D005,2026-05-21 06:00:00,168,45.8,60.0876,57.9255
D005,2026-05-21 07:00:00,218,44.0,60.0876,57.9255
D005,2026-05-21 08:00:00,255,43.2,60.0876,57.9255
D005,2026-05-21 09:00:00,192,45.9,60.0876,57.9255
D005,2026-05-21 10:00:00,194,41.1,60.0876,57.9255
D005,2026-05-21 11:00:00,98,48.6,60.0876,57.9255
D005,2026-05-21 12:00:00,56,48.2,60.0876,57.9255
D005,2026-05-21 13:00:00,72,53.9,60.0876,57.9255
D005,2026-05-21 14:00:00,95,48.2,60.0876,57.9255
D005,2026-05-21 15:00:00,131,49.5,60.0876,57.9255
D005,2026-05-21 16:00:00,197,45.2,60.0876,57.9255
D005,2026-05-21 17:00:00,292,41.0,60.0876,57.9255
D005,2026-05-21 18:00:00,277,40.0,60.0876,57.9255
D005,2026-05-21 19:00:00,229,41.0,60.0876,57.9255
D005,2026-05-21 20:00:00,165,48.0,60.0876,57.9255
D005,2026-05-21 21:00:00,137,46.8,60.0876,57.9255
D005,2026-05-21 22:00:00,95,52.6,60.0876,57.9255
D005,2026-05-21 23:00:00,84,50.9,60.0876,57.9255
D005,2026-05-22 00:00:00,29,54.6,60.0876,57.9255
D005,2026-05-22 01:00:00,11,49.0,60.0876,57.9255
D005,2026-05-22 02:00:00,10,55.3,60.0876,57.9255
D005,2026-05-22 03:00:00,14,53.5,60.0876,57.9255
D005,2026-05-22 04:00:00,10,52.7,60.0876,57.9255
D005,2026-05-22 05:00:00,116,49.3,60.0876,57.9255
D005,2026-05-22 06:00:00,142,45.4,60.0876,57.9255
D005,2026-05-22 07:00:00,254,41.8,60.0876,57.9255
D005,2026-05-22 08:00:00,245,39.8,60.0876,57.9255
D005,2026-05-22 09:00:00,206,44.1,60.0876,57.9255
D005,2026-05-22 10:00:00,141,48.1,60.0876,57.9255
D005,2026-05-22 11:00:00,93,48.7,60.0876,57.9255
D005,2026-05-22 12:00:00,78,47.4,60.0876,57.9255
D005,2026-05-22 13:00:00,61,52.2,60.0876,57.9255
D005,2026-05-22 14:00:00,83,50.4,60.0876,57.9255
D005,2026-05-22 15:00:00,131,49.2,60.0876,57.9255
D005,2026-05-22 16:00:00,203,43.4,60.0876,57.9255
D005,2026-05-22 17:00:00,224,44.2,60.0876,57.9255
D005,2026-05-22 18:00:00,285,40.0,60.0876,57.9255
D005,2026-05-22 19:00:00,243,42.4,60.0876,57.9255
D005,2026-05-22 20:00:00,185,47.1,60.0876,57.9255
D005,2026-05-22 21:00:00,127,50.0,60.0876,57.9255
D005,2026-05-22 22:00:00,109,54.3,60.0876,57.9255
D005,2026-05-22 23:00:00,74,53.8,60.0876,57.9255
D005,2026-05-23 00:00:00,32,50.7,60.0876,57.9255
D005,2026-05-23 01:00:00,28,54.9,60.0876,57.9255
D005,2026-05-23 02:00:00,10,49.1,60.0876,57.9255
D005,2026-05-23 03:00:00,31,50.6,60.0876,57.9255
D005,2026-05-23 04:00:00,16,50.3,60.0876,57.9255
D005,2026-05-23 05:00:00,93,46.3,60.0876,57.9255
D005,2026-05-23 06:00:00,106,48.5,60.0876,57.9255
D005,2026-05-23 07:00:00,158,43.8,60.0876,57.9255
D005,2026-05-23 08:00:00,186,46.8,60.0876,57.9255
D005,2026-05-23 09:00:00,151,46.8,60.0876,57.9255
D005,2026-05-23 10:00:00,67,55.2,60.0876,57.9255
D005,2026-05-23 11:00:00,78,52.5,60.0876,57.9255
D005,2026-05-23 12:00:00,69,51.7,60.0876,57.9255
D005,2026-05-23 13:00:00,76,49.8,60.0876,57.9255
D005,2026-05-23 14:00:00,91,53.9,60.0876,57.9255
D005,2026-05-23 15:00:00,100,49.7,60.0876,57.9255
D005,2026-05-23 16:00:00,153,48.3,60.0876,57.9255
D005,2026-05-23 17:00:00,169,45.8,60.0876,57.9255
D005,2026-05-23 18:00:00,196,46.9,60.0876,57.9255
D005,2026-05-23 19:00:00,167,48.4,60.0876,57.9255
D005,2026-05-23 20:00:00,170,47.8,60.0876,57.9255
D005,2026-05-23 21:00:00,95,51.5,60.0876,57.9255
D005,2026-05-23 22:00:00,65,49.3,60.0876,57.9255
D005,2026-05-23 23:00:00,49,49.5,60.0876,57.9255
D005,2026-05-24 00:00:00,35,52.2,60.0876,57.9255
D005,2026-05-24 01:00:00,10,55.6,60.0876,57.9255
D005,2026-05-24 02:00:00,24,54.5,60.0876,57.9255
D005,2026-05-24 03:00:00,10,52.0,60.0876,57.9255
D005,2026-05-24 04:00:00,51,51.1,60.0876,57.9255
D005,2026-05-24 05:00:00,90,50.8,60.0876,57.9255
D005,2026-05-24 06:00:00,91,47.2,60.0876,57.9255
D005,2026-05-24 07:00:00,167,46.0,60.0876,57.9255
D005,2026-05-24 08:00:00,173,48.6,60.0876,57.9255
D005,2026-05-24 09:00:00,129,48.4,60.0876,57.9255
D005,2026-05-24 10:00:00,137,50.0,60.0876,57.9255
D005,2026-05-24 11:00:00,77,52.2,60.0876,57.9255
D005,2026-05-24 12:00:00,77,49.2,60.0876,57.9255
D005,2026-05-24 13:00:00,37,55.1,60.0876,57.9255
D005,2026-05-24 14:00:00,74,55.3,60.0876,57.9255
D005,2026-05-24 15:00:00,85,52.9,60.0876,57.9255
D005,2026-05-24 16:00:00,150,48.6,60.0876,57.9255
D005,2026-05-24 17:00:00,176,44.1,60.0876,57.9255
D005,2026-05-24 18:00:00,189,44.5,60.0876,57.9255
D005,2026-05-24 19:00:00,176,43.9,60.0876,57.9255
D005,2026-05-24 20:00:00,140,51.9,60.0876,57.9255
D005,2026-05-24 21:00:00,80,52.2,60.0876,57.9255
D005,2026-05-24 22:00:00,39,54.2,60.0876,57.9255
D005,2026-05-24 23:00:00,67,49.6,60.0876,57.9255
D005,2026-05-25 00:00:00,34,53.5,60.0876,57.9255
D005,2026-05-25 01:00:00,57,52.4,60.0876,57.9255
D005,2026-05-25 02:00:00,31,53.1,60.0876,57.9255
D005,2026-05-25 03:00:00,10,60.2,60.0876,57.9255
D005,2026-05-25 04:00:00,30,54.2,60.0876,57.9255
D005,2026-05-25 05:00:00,116,46.0,60.0876,57.9255
D005,2026-05-25 06:00:00,137,44.5,60.0876,57.9255
D005,2026-05-25 07:00:00,243,44.0,60.0876,57.9255
D005,2026-05-25 08:00:00,241,39.8,60.0876,57.9255
D005,2026-05-25 09:00:00,205,44.5,60.0876,57.9255
D005,2026-05-25 10:00:00,140,49.9,60.0876,57.9255
D005,2026-05-25 11:00:00,100,49.4,60.0876,57.9255
D005,2026-05-25 12:00:00,90,45.7,60.0876,57.9255
D005,2026-05-25 13:00:00,104,49.9,60.0876,57.9255
D005,2026-05-25 14:00:00,61,51.1,60.0876,57.9255
D005,2026-05-25 15:00:00,128,46.3,60.0876,57.9255
D005,2026-05-25 16:00:00,194,47.9,60.0876,57.9255
D005,2026-05-25 17:00:00,251,39.3,60.0876,57.9255
D005,2026-05-25 18:00:00,257,37.8,60.0876,57.9255
D005,2026-05-25 19:00:00,248,40.4,60.0876,57.9255
D005,2026-05-25 20:00:00,193,47.1,60.0876,57.9255
D005,2026-05-25 21:00:00,150,48.0,60.0876,57.9255
D005,2026-05-25 22:00:00,96,46.6,60.0876,57.9255
D005,2026-05-25 23:00:00,127,53.5,60.0876,57.9255
D005,2026-05-26 00:00:00,23,54.8,60.0876,57.9255
D005,2026-05-26 01:00:00,10,53.6,60.0876,57.9255
D005,2026-05-26 02:00:00,25,52.5,60.0876,57.9255
D005,2026-05-26 03:00:00,56,52.9,60.0876,57.9255
D005,2026-05-26 04:00:00,16,53.3,60.0876,57.9255
D005,2026-05-26 05:00:00,119,45.5,60.0876,57.9255
D005,2026-05-26 06:00:00,170,46.4,60.0876,57.9255
D005,2026-05-26 07:00:00,236,44.0,60.0876,57.9255
D005,2026-05-26 08:00:00,235,41.8,60.0876,57.9255
D005,2026-05-26 09:00:00,245,43.7,60.0876,57.9255
D005,2026-05-26 10:00:00,172,47.7,60.0876,57.9255
D005,2026-05-26 11:00:00,113,46.9,60.0876,57.9255
D005,2026-05-26 12:00:00,124,48.4,60.0876,57.9255
D005,2026-05-26 13:00:00,112,49.2,60.0876,57.9255
D005,2026-05-26 14:00:00,121,47.0,60.0876,57.9255
D005,2026-05-26 15:00:00,110,48.9,60.0876,57.9255
D005,2026-05-26 16:00:00,179,47.5,60.0876,57.9255
D005,2026-05-26 17:00:00,251,39.0,60.0876,57.9255
D005,2026-05-26 18:00:00,256,39.1,60.0876,57.9255
D005,2026-05-26 19:00:00,231,43.2,60.0876,57.9255
D005,2026-05-26 20:00:00,177,48.7,60.0876,57.9255
D005,2026-05-26 21:00:00,141,46.1,60.0876,57.9255
D005,2026-05-26 22:00:00,124,50.8,60.0876,57.9255
D005,2026-05-26 23:00:00,91,49.6,60.0876,57.9255
D005,2026-05-27 00:00:00,59,53.8,60.0876,57.9255
D005,2026-05-27 01:00:00,10,54.9,60.0876,57.9255
D005,2026-05-27 02:00:00,10,56.5,60.0876,57.9255
D005,2026-05-27 03:00:00,10,53.1,60.0876,57.9255
D005,2026-05-27 04:00:00,16,55.3,60.0876,57.9255
D005,2026-05-27 05:00:00,95,50.3,60.0876,57.9255
D005,2026-05-27 06:00:00,123,50.7,60.0876,57.9255
D005,2026-05-27 07:00:00,171,46.8,60.0876,57.9255
D005,2026-05-27 08:00:00,251,41.4,60.0876,57.9255
D005,2026-05-27 09:00:00,239,45.5,60.0876,57.9255
D005,2026-05-27 10:00:00,181,48.4,60.0876,57.9255
D005,2026-05-27 11:00:00,120,48.2,60.0876,57.9255
D005,2026-05-27 12:00:00,97,52.6,60.0876,57.9255
D005,2026-05-27 13:00:00,88,45.3,60.0876,57.9255
D005,2026-05-27 14:00:00,71,55.4,60.0876,57.9255
D005,2026-05-27 15:00:00,119,47.7,60.0876,57.9255
D005,2026-05-27 16:00:00,205,46.7,60.0876,57.9255
D005,2026-05-27 17:00:00,255,42.6,60.0876,57.9255
D005,2026-05-27 18:00:00,231,48.3,60.0876,57.9255
D005,2026-05-27 19:00:00,238,45.5,60.0876,57.9255
D005,2026-05-27 20:00:00,190,44.3,60.0876,57.9255
D005,2026-05-27 21:00:00,129,48.2,60.0876,57.9255
D005,2026-05-27 22:00:00,131,45.6,60.0876,57.9255
D005,2026-05-27 23:00:00,94,54.3,60.0876,57.9255
D005,2026-05-28 00:00:00,15,54.3,60.0876,57.9255
D005,2026-05-28 01:00:00,10,58.1,60.0876,57.9255
D005,2026-05-28 02:00:00,10,55.9,60.0876,57.9255
D005,2026-05-28 03:00:00,10,52.6,60.0876,57.9255
D005,2026-05-28 04:00:00,31,51.0,60.0876,57.9255
D005,2026-05-28 05:00:00,110,46.6,60.0876,57.9255
D005,2026-05-28 06:00:00,163,44.2,60.0876,57.9255
D005,2026-05-28 07:00:00,200,45.6,60.0876,57.9255
D005,2026-05-28 08:00:00,213,45.7,60.0876,57.9255
D005,2026-05-28 09:00:00,205,48.3,60.0876,57.9255
D005,2026-05-28 10:00:00,152,45.5,60.0876,57.9255
D005,2026-05-28 11:00:00,116,51.4,60.0876,57.9255
D005,2026-05-28 12:00:00,48,51.2,60.0876,57.9255
D005,2026-05-28 13:00:00,112,47.1,60.0876,57.9255
D005,2026-05-28 14:00:00,79,47.5,60.0876,57.9255
D005,2026-05-28 15:00:00,128,45.8,60.0876,57.9255
D005,2026-05-28 16:00:00,196,41.9,60.0876,57.9255
D005,2026-05-28 17:00:00,236,42.8,60.0876,57.9255
D005,2026-05-28 18:00:00,259,41.5,60.0876,57.9255
D005,2026-05-28 19:00:00,227,41.7,60.0876,57.9255
D005,2026-05-28 20:00:00,210,45.4,60.0876,57.9255
D005,2026-05-28 21:00:00,141,50.3,60.0876,57.9255
D005,2026-05-28 22:00:00,108,48.9,60.0876,57.9255
D005,2026-05-28 23:00:00,98,49.6,60.0876,57.9255
D005,2026-05-29 00:00:00,56,52.7,60.0876,57.9255
D005,2026-05-29 01:00:00,25,57.2,60.0876,57.9255
D005,2026-05-29 02:00:00,39,51.5,60.0876,57.9255
D005,2026-05-29 03:00:00,33,50.5,60.0876,57.9255
D005,2026-05-29 04:00:00,22,54.3,60.0876,57.9255
D005,2026-05-29 05:00:00,117,48.8,60.0876,57.9255
D005,2026-05-29 06:00:00,145,48.6,60.0876,57.9255
D005,2026-05-29 07:00:00,230,42.0,60.0876,57.9255
D005,2026-05-29 08:00:00,247,43.7,60.0876,57.9255
D005,2026-05-29 09:00:00,228,44.4,60.0876,57.9255
D005,2026-05-29 10:00:00,170,47.8,60.0876,57.9255
D005,2026-05-29 11:00:00,127,49.7,60.0876,57.9255
D005,2026-05-29 12:00:00,83,51.6,60.0876,57.9255
D005,2026-05-29 13:00:00,77,49.9,60.0876,57.9255
D005,2026-05-29 14:00:00,107,49.8,60.0876,57.9255
D005,2026-05-29 15:00:00,122,50.1,60.0876,57.9255
D005,2026-05-29 16:00:00,174,47.3,60.0876,57.9255
D005,2026-05-29 17:00:00,221,46.9,60.0876,57.9255
D005,2026-05-29 18:00:00,278,42.1,60.0876,57.9255
D005,2026-05-29 19:00:00,245,39.8,60.0876,57.9255
D005,2026-05-29 20:00:00,158,47.3,60.0876,57.9255
D005,2026-05-29 21:00:00,127,49.4,60.0876,57.9255
D005,2026-05-29 22:00:00,120,49.9,60.0876,57.9255
D005,2026-05-29 23:00:00,70,52.9,60.0876,57.9255
D005,2026-05-30 00:00:00,10,55.4,60.0876,57.9255
D005,2026-05-30 01:00:00,28,52.5,60.0876,57.9255
D005,2026-05-30 02:00:00,44,52.0,60.0876,57.9255
D005,2026-05-30 03:00:00,18,56.9,60.0876,57.9255
D005,2026-05-30 04:00:00,23,52.0,60.0876,57.9255
D005,2026-05-30 05:00:00,76,51.7,60.0876,57.9255
D005,2026-05-30 06:00:00,108,48.5,60.0876,57.9255
D005,2026-05-30 07:00:00,175,45.8,60.0876,57.9255
D005,2026-05-30 08:00:00,209,44.2,60.0876,57.9255
D005,2026-05-30 09:00:00,140,47.5,60.0876,57.9255
D005,2026-05-30 10:00:00,133,47.1,60.0876,57.9255
D005,2026-05-30 11:00:00,102,49.9,60.0876,57.9255
D005,2026-05-30 12:00:00,73,49.8,60.0876,57.9255
D005,2026-05-30 13:00:00,65,51.7,60.0876,57.9255
D005,2026-05-30 14:00:00,92,49.4,60.0876,57.9255
D005,2026-05-30 15:00:00,68,49.2,60.0876,57.9255
D005,2026-05-30 16:00:00,123,50.2,60.0876,57.9255
D005,2026-05-30 17:00:00,160,44.8,60.0876,57.9255
D005,2026-05-30 18:00:00,188,45.6,60.0876,57.9255
D005,2026-05-30 19:00:00,174,43.5,60.0876,57.9255
D005,2026-05-30 20:00:00,129,50.6,60.0876,57.9255
D005,2026-05-30 21:00:00,103,50.7,60.0876,57.9255
D005,2026-05-30 22:00:00,59,51.4,60.0876,57.9255
D005,2026-05-30 23:00:00,40,54.3,60.0876,57.9255
